line,trace,time,velocity
220,850,805,2766
220,850,1615,3836
220,850,1964,3905
220,850,2592,4328
220,850,2870,4436
220,900,436,2502
220,900,2337,4205
220,950,424,2458
220,950,947,3280
220,950,1039,3396
220,950,2269,4218
220,1000,741,3149
220,1000,818,3315
220,1000,929,3506
220,1000,2218,4282
220,1000,2406,4533
220,1050,821,3250
220,1050,1125,3713
220,1050,1502,4097
220,1050,2166,4208
220,1100,2208,4409
220,1150,446,2767
220,1150,1002,3735
220,1150,2035,4437
220,1250,2079,4488
220,1250,2162,4496
220,1250,2450,4476
220,1250,2618,4471
220,1250,2710,4495
220,1250,3739,4778
220,1300,3302,4491
220,1350,666,2949
220,1350,783,3015
220,1350,2650,4225
220,1350,2997,4285
220,1350,3132,4306
220,1400,2629,4238
220,1450,2115,4267
220,1450,3289,4114
220,1500,2441,4485
220,1500,2620,4556
220,1500,3029,4350
220,1600,1456,3890
220,1650,2831,4087
220,1700,451,2336
220,1700,646,2818
220,1800,1486,3787
220,1950,487,2802
220,1950,2740,4464
220,2050,483,2688
220,2050,759,3001
220,2050,976,3186
220,2050,2335,4104
220,2050,2636,4236
220,2050,2780,4304
220,2050,3111,4311
220,2050,3483,4275
220,2050,3990,4282
220,2100,369,2459
220,2100,957,3152
220,2100,1162,3347
220,2100,1294,3387
220,2100,1383,3480
220,2100,1496,3399
220,2100,2280,4025
220,2100,2739,4178
220,2100,2915,4265
220,2100,3140,4371
220,2100,3811,4465
220,2150,2104,3975
220,2150,2226,3985
220,2150,2491,4014
220,2150,2664,4094
220,2150,2820,4158
220,2150,2973,4120
220,2150,3077,4229
220,2150,3850,4527
220,2250,633,3126
220,2250,935,3406
220,2250,1456,3547
220,2250,1614,3607
220,2250,1726,3682
220,2250,2098,3885
220,2250,2364,3937
220,2250,2583,3967
220,2250,2756,4112
220,2250,2918,4121
220,2250,3001,4136
220,2250,3181,4266
220,2250,3740,4375
220,2250,3866,4377
220,2300,1164,3492
220,2300,2081,3906
220,2300,2248,3912
220,2300,2357,3961
220,2300,2559,3971
220,2300,2725,4103
220,2300,2939,4163
220,2300,3743,4485
220,2300,3959,4517
220,2350,969,3405
220,2350,1188,3521
220,2350,1388,3529
220,2350,1896,3769
220,2350,2089,3853
220,2350,2244,3909
220,2350,2343,3969
220,2350,2551,4057
220,2350,2720,4152
220,2350,2880,4170
220,2350,3808,4532
220,2350,3961,4527
220,2400,682,3140
220,2400,1161,3475
220,2400,1416,3582
220,2400,1566,3631
220,2400,2126,3867
220,2400,2246,3910
220,2400,2353,3968
220,2400,2557,3974
220,2400,2711,4110
220,2400,2881,4137
220,2400,3153,4231
220,2400,3383,4286
220,2400,4503,4660
220,2500,1643,3651
220,2500,2188,3923
220,2500,2403,4036
220,2500,2542,3971
220,2500,2748,4077
220,2500,2913,4096
220,2500,3189,4171
220,2500,3822,4399
220,2550,724,3069
220,2550,1519,3516
220,2550,1678,3571
220,2550,1857,3727
220,2550,2232,3964
220,2550,2360,3989
220,2550,2629,4051
220,2550,2785,4087
220,2550,2927,4054
220,2550,3189,4182
220,2550,3807,4251
220,2600,457,2556
220,2600,778,3056
220,2600,1893,3681
220,2600,2268,3911
220,2600,2423,3965
220,2600,2664,4013
220,2600,2821,4044
220,2600,2977,4057
220,2600,3850,4342
220,2700,746,2749
220,2700,2381,3872
220,2700,2769,3981
220,2700,2918,4035
220,2700,3026,4017
220,2700,3159,4095
220,2700,3360,4099
220,2700,3599,4160
220,2700,3969,4156
220,2750,369,2074
220,2750,494,2276
220,2750,652,2422
220,2750,907,2901
220,2750,2093,3720
220,2750,2442,3879
220,2750,2834,3991
220,2750,4082,4307
220,2850,1199,3260
220,2850,1507,3504
220,2850,2019,3702
220,2850,2550,3786
220,2950,449,1941
220,2950,1002,2766
220,2950,1094,2885
250,800,1774,3731
250,800,2506,4105
250,850,980,3069
250,850,2463,4110
250,850,3667,4424
250,900,911,3142
250,900,1122,3421
250,900,1227,3513
250,900,2378,4171
250,900,2458,4224
250,950,494,2574
250,950,878,3307
250,950,1413,3756
250,950,2322,4248
250,1000,805,3129
250,1000,899,3217
250,1000,1486,3880
250,1000,1764,4006
250,1000,2281,4260
250,1000,3553,4529
250,1000,3886,4439
250,1050,1031,3562
250,1050,1579,3971
250,1050,2230,4286
250,1050,4075,4399
250,1100,369,2393
250,1100,662,3012
250,1100,939,3476
250,1100,2185,4218
250,1100,3627,4738
250,1150,908,3530
250,1150,1650,3899
250,1150,2103,4521
250,1150,4043,4407
250,1250,1950,4599
250,1250,2349,4753
250,1250,2727,4487
250,1250,2911,4612
250,1250,3260,4724
250,1250,3474,4797
250,1250,3710,4979
250,1350,2375,4421
250,1350,2691,4487
250,1350,2823,4470
250,1350,2917,4590
250,1400,1315,3836
250,1400,2630,4393
250,1400,3489,4793
250,1500,1566,3724
250,1500,3578,4406
250,1600,3052,4809
250,1650,2507,4078
250,1700,1830,3972
250,1750,1742,3957
250,1800,2435,4463
250,1900,2707,4558
250,1900,3777,4732
250,1950,3083,4737
250,2050,747,2891
250,2050,836,2947
250,2050,2653,4208
250,2050,2787,4345
250,2050,4620,4630
250,2100,310,2233
250,2100,449,2549
250,2100,2920,4330
250,2100,3101,4415
250,2200,525,2885
250,2200,756,3146
250,2200,1345,3537
250,2200,2138,3962
250,2200,2314,4022
250,2200,2445,3988
250,2200,2591,4047
250,2200,2750,4109
250,2200,2927,4155
250,2200,3233,4205
250,2200,3791,4417
250,2200,3936,4371
250,2250,1153,3569
250,2250,1519,3648
250,2250,2139,3950
250,2250,2527,4048
250,2250,2680,4135
250,2250,2866,4162
250,2250,3153,4206
250,2250,3446,4279
250,2250,3785,4420
250,2250,4023,4426
250,2300,755,3267
250,2300,960,3408
250,2300,1122,3528
250,2300,1345,3569
250,2300,1469,3611
250,2300,2012,3965
250,2300,2275,4003
250,2300,2496,4067
250,2300,2643,4196
250,2300,2829,4265
250,2300,3096,4189
250,2300,3725,4470
250,2300,4014,4549
250,2300,4401,4666
250,2350,264,2433
250,2350,535,3015
250,2350,1098,3590
250,2350,1243,3549
250,2350,1457,3536
250,2350,1573,3476
250,2350,1988,3954
250,2350,2152,3976
250,2350,2263,4012
250,2350,2465,4092
250,2350,2617,4179
250,2350,2801,4180
250,2350,3063,4263
250,2350,3681,4486
250,2350,3850,4596
250,2350,4259,4627
250,2400,557,2900
250,2400,960,3536
250,2400,1218,3557
250,2400,1349,3562
250,2400,1483,3590
250,2400,1763,3644
250,2400,2027,3916
250,2400,2170,3975
250,2400,2244,3984
250,2400,2463,4031
250,2400,2618,4118
250,2400,2775,4184
250,2400,2901,4254
250,2400,3088,4241
250,2400,3714,4492
250,2400,3874,4549
250,2500,461,2799
250,2500,1107,3538
250,2500,1210,3595
250,2500,2068,3934
250,2500,2280,3995
250,2500,2496,4033
250,2500,2634,4066
250,2500,2771,4104
250,2500,2912,4057
250,2500,3098,4163
250,2500,3376,4264
250,2500,3702,4393
250,2500,3883,4485
250,2500,4039,4583
250,2550,1148,3530
250,2550,1328,3643
250,2550,1419,3606
250,2550,1696,3761
250,2550,2108,3964
250,2550,2316,4013
250,2550,2515,4029
250,2550,2667,4101
250,2550,2800,4106
250,2550,3134,4227
250,2550,3774,4350
250,2600,522,2612
250,2600,1555,3525
250,2600,2148,3924
250,2600,2300,3982
250,2600,2551,4005
250,2600,2707,4074
250,2600,2838,4120
250,2600,2959,4095
250,2600,3136,4171
250,2600,3821,4306
250,2600,4077,4489
250,2650,1500,3563
250,2650,2212,3915
250,2650,2356,3934
250,2650,2616,4008
250,2650,2761,4062
250,2650,2895,4110
250,2650,3191,4124
250,2650,3404,4169
250,2650,3826,4159
250,2650,4023,4333
250,2700,249,2171
250,2700,359,2378
250,2700,1689,3591
250,2700,1880,3723
250,2700,2267,3904
250,2700,2434,3943
250,2700,2661,4004
250,2700,2809,4048
250,2700,3075,4071
250,2700,3250,4108
250,2700,3876,4182
250,2700,4172,4408
250,2750,528,2551
250,2750,840,2900
250,2750,1644,3502
250,2750,1778,3593
250,2750,2336,3894
250,2750,2729,4010
250,2750,2879,4039
250,2750,2991,4053
250,2750,3298,3999
250,2750,3488,4095
250,2750,3945,4216
250,2800,491,2307
250,2800,869,2823
250,2800,1023,3130
250,2800,1529,3478
250,2800,1859,3571
250,2800,2401,3852
250,2800,2785,3989
250,2800,2944,4030
250,2800,3133,4164
250,2850,555,2248
250,2850,753,2575
250,2850,1297,3448
250,2850,1689,3545
250,2850,1933,3572
250,2850,2460,3834
250,2850,2850,4003
250,2850,3002,4042
250,2850,4106,4232
250,2900,750,2458
250,2900,1510,3397
250,2950,347,1912
250,2950,426,1946
250,2950,580,2134
250,2950,691,2244
250,2950,846,2496
250,2950,1032,2825
250,2950,1206,2982
250,2950,1632,3344
250,3000,1059,2693
250,3050,78,6141
280,850,1071,3251
280,850,1213,3389
280,850,2468,4106
280,900,962,3150
280,900,1165,3305
280,900,1242,3351
280,900,1788,3925
280,900,2424,4180
280,900,2580,4342
280,900,3099,4422
280,900,3386,4475
280,950,1202,3592
280,950,1387,3658
280,950,1761,3984
280,950,1931,3970
280,950,2082,4175
280,950,2385,4279
280,950,2772,4601
280,950,3565,4407
280,1000,203,1911
280,1000,896,3319
280,1000,1261,3617
280,1000,1508,3775
280,1000,2094,4238
280,1000,2332,4294
280,1000,2627,4398
280,1050,1030,3518
280,1050,1774,3981
280,1050,2068,4149
280,1050,2309,4241
280,1100,751,3055
280,1100,995,3502
280,1100,1094,3585
280,1100,2270,4236
280,1100,3515,4702
280,1100,3666,4501
280,1150,272,2296
280,1150,405,2397
280,1150,926,3414
280,1150,1155,3504
280,1150,1342,3748
280,1150,1710,3944
280,1150,2168,4403
280,1200,934,3440
280,1200,2109,4590
280,1250,1289,3768
280,1300,654,2893
280,1300,2584,4620
280,1300,3190,4776
280,1350,357,2330
280,1350,909,3251
280,1350,3189,4911
280,1400,2417,4339
280,1400,2629,4422
280,1450,3517,4689
280,1450,4008,4532
280,1500,1531,4098
280,1550,595,2812
280,1650,703,3208
280,1650,3556,4429
280,1700,705,2997
280,1750,464,2561
280,1850,1028,3254
280,1850,2403,4441
280,1950,2809,4586
280,1950,3795,4869
280,2000,806,2915
280,2000,2443,4433
280,2000,2534,4462
280,2000,3391,4844
280,2100,2745,4184
280,2100,3925,4603
280,2100,4172,4492
280,2150,352,2379
280,2150,478,2548
280,2150,1293,3454
280,2150,2204,4002
280,2150,2683,4056
280,2150,3920,4529
280,2300,1111,3434
280,2300,1299,3525
280,2300,2237,4025
280,2300,2451,4082
280,2300,2604,4208
280,2300,2791,4222
280,2300,3082,4396
280,2300,3189,4363
280,2300,3672,4482
280,2300,3830,4513
280,2350,959,3314
280,2350,1122,3447
280,2350,1466,3616
280,2350,1944,3983
280,2350,2201,4049
280,2350,2411,4104
280,2350,2580,4224
280,2350,2736,4254
280,2350,3136,4358
280,2350,3450,4416
280,2350,3630,4495
280,2350,3876,4550
280,2400,807,3324
280,2400,1127,3481
280,2400,1344,3549
280,2400,1548,3729
280,2400,1948,3964
280,2400,2180,4018
280,2400,2391,4091
280,2400,2534,4178
280,2400,2666,4261
280,2400,3617,4511
280,2400,3795,4531
280,2400,3953,4798
280,2400,4244,4733
280,2400,4402,4789
280,2450,471,2954
280,2450,592,3139
280,2450,1188,3536
280,2450,1387,3607
280,2450,1491,3667
280,2450,1815,3903
280,2450,1954,3958
280,2450,2182,4021
280,2450,2383,4046
280,2450,2529,4127
280,2450,2699,4182
280,2450,3618,4494
280,2450,3742,4581
280,2450,3945,4709
280,2500,665,3135
280,2500,921,3451
280,2500,1180,3573
280,2500,1286,3577
280,2500,1504,3689
280,2500,1981,3983
280,2500,2184,4010
280,2500,2393,4026
280,2500,2536,4091
280,2500,2683,4121
280,2500,2828,4170
280,2500,2971,4263
280,2500,3260,4268
280,2500,3515,4415
280,2500,3638,4501
280,2500,3875,4529
280,2500,4417,4570
280,2550,342,2642
280,2550,459,2941
280,2550,807,3305
280,2550,1440,3632
280,2550,2005,3976
280,2550,2152,3997
280,2550,2359,4008
280,2550,2420,4026
280,2550,2565,4135
280,2550,2709,4131
280,2550,2839,4138
280,2550,2977,4190
280,2550,3649,4374
280,2550,3901,4459
280,2550,4077,4602
280,2600,403,2554
280,2600,599,3175
280,2600,1361,3546
280,2600,1468,3608
280,2600,1657,3729
280,2600,2043,3951
280,2600,2201,4027
280,2600,2458,4043
280,2600,2593,4086
280,2600,2720,4091
280,2600,2851,4140
280,2600,3035,4230
280,2600,3876,4252
280,2600,3995,4353
280,2650,1542,3657
280,2650,2094,3926
280,2650,2244,3961
280,2650,2510,4038
280,2650,2651,4081
280,2650,2771,4076
280,2650,3074,4114
280,2650,3744,4228
280,2650,3947,4346
280,2650,4124,4400
280,2650,4507,4236
280,2700,434,2746
280,2700,650,3014
280,2700,1560,3591
280,2700,2156,3910
280,2700,2283,3923
280,2700,2549,3991
280,2700,2706,4030
280,2700,2814,4034
280,2700,2970,4061
280,2700,3108,4073
280,2700,3358,4035
280,2700,3831,4219
280,2700,3931,4283
280,2700,4118,4164
280,2700,4402,4419
280,2700,4555,4297
280,2750,289,2104
280,2750,389,2306
280,2750,420,2375
280,2750,637,2687
280,2750,1388,3543
280,2750,2229,3923
280,2750,2376,3944
280,2750,2609,3973
280,2750,2769,4047
280,2750,2884,4026
280,2750,3203,4102
280,2750,3918,4225
280,2800,362,2184
280,2800,1617,3591
280,2800,1938,3720
280,2800,2293,3898
280,2800,2431,3952
280,2800,2668,3927
280,2800,2839,4036
280,2800,2943,3999
280,2850,400,2110
280,2850,522,2246
280,2850,736,2620
280,2850,885,2883
280,2850,1612,3517
280,2850,2361,3884
280,2850,2746,4015
280,2900,333,1927
280,2900,498,2144
280,2900,709,2499
280,2950,659,2338
280,2950,1622,3367
280,3050,78,6141
310,800,1068,3080
310,800,1361,3463
310,800,1840,3707
310,900,336,2452
310,900,1024,3112
310,900,1224,3230
310,900,1348,3443
310,900,1516,3695
310,900,1736,3783
310,900,1835,3769
310,900,2126,3954
310,900,2312,3968
310,900,2487,4159
310,900,2782,4209
310,950,1027,3309
310,950,1225,3445
310,950,1596,3775
310,950,1808,3962
310,950,2445,4185
310,950,2650,4236
310,950,3543,4478
310,1000,929,3221
310,1000,1127,3380
310,1000,1228,3475
310,1000,1395,3760
310,1000,1603,3782
310,1000,1747,3905
310,1000,1882,3924
310,1000,2019,4011
310,1000,2413,4233
310,1050,745,2948
310,1050,881,3199
310,1050,1644,3895
310,1050,1858,4074
310,1050,2119,4162
310,1050,2369,4237
310,1100,706,2933
310,1100,1036,3482
310,1100,1281,3730
310,1100,1648,3919
310,1100,1775,3973
310,1100,2329,4230
310,1100,2508,4355
310,1100,2818,4350
310,1100,3045,4360
310,1100,3987,4633
310,1150,679,3063
310,1150,837,3240
310,1150,996,3437
310,1150,1262,3704
310,1150,2293,4240
310,1150,3509,4450
310,1200,470,2524
310,1200,786,3283
310,1200,999,3528
310,1200,1223,3712
310,1200,1469,3780
310,1200,1741,3921
310,1200,2201,4492
310,1200,3609,4474
310,1250,353,2466
310,1250,865,3320
310,1250,964,3472
310,1250,1761,4276
310,1250,2126,4468
310,1300,455,2526
310,1300,3861,4501
310,1400,936,3623
310,1400,1042,3137
310,1400,3048,4497
310,1400,3585,4742
310,1400,3931,5068
310,1500,1828,4267
310,1600,1349,3758
310,1700,2369,4284
310,1750,512,2531
310,1800,2646,4248
310,1850,1290,3850
310,1900,497,2714
310,1950,1249,3774
310,2000,439,2273
310,2000,2523,4542
310,2100,2913,4507
310,2150,2815,4787
310,2150,3016,4882
310,2250,517,2765
310,2250,1186,3474
310,2250,1507,3763
310,2250,2008,4082
310,2250,2272,4086
310,2250,2470,4100
310,2250,2829,4171
310,2250,3459,4315
310,2350,461,3007
310,2350,788,3215
310,2350,957,3354
310,2350,1069,3444
310,2350,1415,3594
310,2350,1878,4019
310,2350,2149,4089
310,2350,2362,4169
310,2350,2530,4257
310,2350,2676,4354
310,2350,3155,4355
310,2350,3626,4527
310,2400,659,3165
310,2400,844,3373
310,2400,1054,3534
310,2400,1283,3623
310,2400,1379,3640
310,2400,1450,3669
310,2400,1851,3954
310,2400,2120,4041
310,2400,2243,4028
310,2400,2346,4091
310,2400,2512,4242
310,2400,2648,4289
310,2400,2839,4285
310,2400,3233,4536
310,2400,3868,4619
310,2450,654,3060
310,2450,1063,3495
310,2450,1296,3592
310,2450,1503,3766
310,2450,1674,3855
310,2450,1864,3969
310,2450,2016,3953
310,2450,2107,4022
310,2450,2237,4018
310,2450,2327,4090
310,2450,2479,4187
310,2450,2632,4235
310,2450,2921,4292
310,2450,3209,4415
310,2450,3725,4615
310,2550,902,3512
310,2550,1128,3504
310,2550,1358,3643
310,2550,1486,3704
310,2550,1919,3981
310,2550,2122,4014
310,2550,2331,4038
310,2550,2484,4122
310,2550,2618,4143
310,2550,2746,4183
310,2550,2914,4231
310,2550,3613,4428
310,2550,4131,4536
310,2650,401,2686
310,2650,495,2890
310,2650,644,3126
310,2650,874,3340
310,2650,1190,3598
310,2650,1624,3793
310,2650,1994,3961
310,2650,2148,3992
310,2650,2402,4039
310,2650,2549,4071
310,2650,2655,4095
310,2650,2959,4117
310,2650,3642,4177
310,2700,504,2864
310,2700,1005,3445
310,2700,1315,3547
310,2700,1674,3717
310,2700,2048,3959
310,2700,2203,3983
310,2700,2454,4042
310,2700,2601,4089
310,2700,2706,4077
310,2700,2911,4101
310,2700,3006,4074
310,2700,3185,4299
310,2700,3706,4167
310,2700,4211,4224
310,2750,485,2768
310,2750,625,2943
310,2750,1120,3528
310,2750,2122,3949
310,2750,2268,3958
310,2750,2511,3992
310,2750,2674,4038
310,2750,2779,4072
310,2750,3060,4074
310,2750,3637,4209
310,2750,3760,4217
310,2750,3967,4221
310,2750,4242,4220
310,2800,1303,3529
310,2800,1453,3544
310,2800,2201,3884
310,2800,2327,3861
310,2800,2585,3982
310,2800,2745,3980
310,2800,2843,4010
310,2800,3157,4055
310,2850,439,2186
310,2850,815,2994
310,2850,1423,3447
310,2850,2270,3863
310,2850,2419,3912
310,2850,2657,3992
310,2850,2803,3964
310,2850,2914,4016
310,2900,184,1885
310,2900,360,2309
310,2900,1445,3379
310,2900,2139,3663
310,2900,2339,3797
310,2900,2473,3894
310,2900,2691,3857
310,2950,468,2134
310,2950,1513,3391
310,3000,401,1980
310,3000,810,2635
310,3000,935,2773
340,800,625,2903
340,800,1117,3157
340,800,1376,3577
340,800,1636,3784
340,800,2466,3897
340,900,1241,3308
340,900,1931,3855
340,900,2510,4093
340,1000,738,2750
340,1000,877,2950
340,1000,996,3170
340,1000,1200,3391
340,1000,1446,3506
340,1000,1828,3975
340,1000,2137,4157
340,1000,2460,4230
340,1000,3013,4540
340,1000,3600,4477
340,1100,777,2998
340,1100,863,3150
340,1100,954,3388
340,1100,1711,3898
340,1100,1847,3971
340,1100,2105,4143
340,1100,2392,4203
340,1100,3156,4347
340,1100,4000,4609
340,1150,651,2934
340,1150,714,2961
340,1150,823,3146
340,1150,1084,3529
340,1150,1341,3696
340,1150,1605,3849
340,1150,2351,4230
340,1250,559,2574
340,1250,745,3074
340,1250,838,3270
340,1250,1044,3441
340,1250,1354,3761
340,1250,1536,3651
340,1250,2276,4372
340,1250,3545,4310
340,1300,685,3061
340,1300,883,3390
340,1300,1025,3580
340,1300,1697,4361
340,1300,2230,4421
340,1300,2560,4514
340,1300,3450,4717
340,1400,3170,4753
340,1450,1094,3719
340,1450,1914,4453
340,1450,3863,4678
340,1450,4412,4596
340,1500,595,3094
340,1500,1356,3572
340,1500,1670,3931
340,1500,3162,4739
340,1500,3560,4555
340,1550,1422,3759
340,1600,246,2491
340,1750,142,2184
340,1800,3406,4621
340,1900,4393,4204
340,1950,683,3379
340,1950,1285,3714
340,2000,2247,4616
340,2000,2526,4690
340,2000,2678,4761
340,2000,2807,4819
340,2100,2292,4609
340,2100,2534,4682
340,2100,3606,4657
340,2100,3867,4740
340,2150,2199,4736
340,2150,2629,4815
340,2150,2769,4927
340,2250,1252,3602
340,2250,2083,4214
340,2250,2254,4284
340,2250,2375,4345
340,2250,3065,4838
340,2300,925,3337
340,2300,1415,3594
340,2300,2395,4343
340,2300,2875,4470
340,2350,711,3248
340,2350,886,3312
340,2350,1048,3393
340,2350,1205,3439
340,2350,1918,3994
340,2350,2066,4121
340,2350,2136,4158
340,2350,2338,4216
340,2350,3091,4306
340,2350,3359,4415
340,2350,3704,4666
340,2400,872,3357
340,2400,1119,3476
340,2400,1410,3709
340,2400,1859,3933
340,2400,2091,4060
340,2400,2218,4067
340,2400,2458,4369
340,2400,3391,4416
340,2400,3692,4613
340,2400,3846,4614
340,2450,870,3450
340,2450,1028,3524
340,2450,1170,3498
340,2450,1289,3575
340,2450,1413,3773
340,2450,1826,3964
340,2450,2044,4019
340,2450,2180,3997
340,2450,2325,4144
340,2450,2442,4274
340,2450,2562,4259
340,2450,3223,4463
340,2500,786,3353
340,2500,979,3458
340,2500,1162,3556
340,2500,1327,3631
340,2500,1445,3808
340,2500,1778,3954
340,2500,1824,3986
340,2500,2040,4041
340,2500,2172,4056
340,2500,2265,4103
340,2500,2404,4164
340,2500,2547,4196
340,2500,2849,4324
340,2500,3548,4598
340,2500,3707,4623
340,2500,4349,4734
340,2550,340,2526
340,2550,454,2820
340,2550,1071,3530
340,2550,1217,3605
340,2550,1837,4015
340,2550,2055,4038
340,2550,2272,4117
340,2550,2422,4154
340,2550,2537,4176
340,2550,2823,4219
340,2550,4367,4564
340,2600,617,3197
340,2600,681,3254
340,2600,784,3445
340,2600,949,3508
340,2600,1122,3583
340,2600,1232,3658
340,2600,1484,3802
340,2600,1861,3989
340,2600,2083,4041
340,2600,2292,4083
340,2600,2441,4126
340,2600,2562,4161
340,2600,2869,4128
340,2600,3586,4282
340,2600,3919,4491
340,2600,4053,4375
340,2600,4370,4276
340,2650,1011,3582
340,2650,1132,3568
340,2650,1911,4019
340,2650,2069,3997
340,2650,2332,4045
340,2650,2484,4104
340,2650,2581,4117
340,2650,2873,4112
340,2650,3494,4226
340,2650,3631,4236
340,2650,3811,4265
340,2650,4408,4163
340,2700,772,3412
340,2700,936,3511
340,2700,1077,3543
340,2700,1209,3597
340,2700,1964,3989
340,2700,2121,4013
340,2700,2371,4048
340,2700,2515,4093
340,2700,2623,4080
340,2700,2914,4061
340,2700,3765,4240
340,2700,3893,4310
340,2700,4427,4287
340,2750,339,2446
340,2750,482,2741
340,2750,2038,3974
340,2750,2182,4000
340,2750,2436,4030
340,2750,2567,4075
340,2750,2675,4066
340,2750,2971,3985
340,2750,3221,4186
340,2750,4353,4304
340,2850,2192,3927
340,2850,2593,4092
340,2850,2843,4126
340,2850,3154,4149
340,2900,261,1953
340,2900,740,2885
340,2900,1385,3446
340,2900,2269,3955
340,2950,2854,4182
340,3000,1100,3291
340,3000,3482,4418
340,3050,3228,4234
340,3100,2871,4077
340,3100,3310,4169
340,3100,3413,4258
340,3150,1357,3531
340,3150,2906,4039
340,3150,3352,4184
340,3200,836,2895
340,3200,2502,4036
340,3250,2983,4614
370,800,411,2108
370,800,494,2447
370,800,1065,3101
370,800,1376,3912
370,800,2024,4532
370,800,2485,3996
370,850,1113,3123
370,850,1279,3205
370,850,2515,4031
370,850,2886,3960
370,900,1083,3005
370,900,1266,3309
370,900,1342,3284
370,900,1473,3442
370,900,1901,3824
370,900,2228,3962
370,900,2505,4027
370,900,2681,4105
370,1050,861,2987
370,1050,1010,3217
370,1050,1252,3576
370,1050,1671,3760
370,1050,1796,3808
370,1050,1952,3922
370,1050,2123,4079
370,1050,2208,4144
370,1050,2454,4185
370,1050,2821,4213
370,1050,3767,4547
370,1100,661,2768
370,1100,929,3161
370,1100,1190,3585
370,1100,1389,3720
370,1100,1635,3852
370,1100,2091,4015
370,1100,2185,4094
370,1100,2425,4186
370,1100,2610,4234
370,1100,3428,4297
370,1150,757,2931
370,1150,864,3077
370,1150,1074,3417
370,1150,1184,3561
370,1150,1629,3886
370,1150,1712,3894
370,1150,1824,3942
370,1150,2399,4201
370,1250,537,2618
370,1250,768,3027
370,1250,1119,3565
370,1250,1560,3794
370,1250,2370,4161
370,1250,3631,4605
370,1300,777,3219
370,1300,992,3387
370,1300,1530,3760
370,1300,1611,3776
370,1300,2467,4270
370,1400,930,3469
370,1450,521,2757
370,1450,2059,4234
370,1500,4867,4604
370,1600,483,2554
370,1650,404,2326
370,1700,5106,4738
370,1750,3293,4361
370,1800,872,3223
370,1850,3508,4622
370,1900,2701,4238
370,1950,870,3215
370,2050,798,3192
370,2050,3864,4790
370,2100,534,2992
370,2100,1382,3711
370,2100,2183,4604
370,2100,2466,4715
370,2100,2943,4925
370,2150,1127,3581
370,2150,1705,4301
370,2150,2149,4590
370,2150,2476,4558
370,2150,2655,4707
370,2200,1161,3732
370,2200,2644,4629
370,2400,688,3188
370,2400,879,3327
370,2400,1029,3408
370,2400,1600,3854
370,2400,1803,3946
370,2400,3695,4630
370,2450,906,3386
370,2450,1129,3564
370,2450,1376,3822
370,2450,1724,3957
370,2450,1778,3974
370,2450,2029,4008
370,2450,2381,4025
370,2450,3766,4967
370,2500,463,2951
370,2500,858,3317
370,2500,1093,3502
370,2500,1440,3813
370,2500,1776,3992
370,2500,1931,4028
370,2500,2015,4023
370,2500,2248,4143
370,2500,2426,4241
370,2500,2545,4236
370,2500,2848,4384
370,2500,3231,4416
370,2500,3653,4481
370,2500,3824,4414
370,2550,853,3401
370,2550,975,3402
370,2550,1217,3601
370,2550,1773,4021
370,2550,2036,4023
370,2550,2244,4081
370,2550,2408,4132
370,2550,2529,4177
370,2550,2823,4217
370,2650,650,2987
370,2650,764,3161
370,2650,929,3459
370,2650,1041,3531
370,2650,1855,3989
370,2650,2079,3986
370,2650,2284,4083
370,2650,2434,4112
370,2650,2681,4109
370,2650,2842,4034
370,2650,3609,4245
370,2650,3803,4356
370,2650,4424,4474
370,2700,777,3335
370,2700,1009,3498
370,2700,1143,3571
370,2700,1914,3983
370,2700,2065,3971
370,2700,2140,4008
370,2700,2320,4041
370,2700,2469,4096
370,2700,2577,4111
370,2700,2720,4055
370,2700,2876,3990
370,2700,3680,4124
370,2750,303,2407
370,2750,577,3017
370,2750,1070,3515
370,2750,1452,3652
370,2750,1582,3786
370,2750,1825,3916
370,2750,1981,3999
370,2750,2130,3975
370,2750,2208,4005
370,2750,2323,4033
370,2750,2384,4039
370,2750,2522,4081
370,2750,2619,4158
370,2750,3349,4178
370,2800,496,2686
370,2800,586,2986
370,2800,688,3109
370,2800,1064,3449
370,2800,1466,3649
370,2800,1665,3841
370,2800,2045,3985
370,2800,2204,4026
370,2800,2444,4103
370,2800,2588,4111
370,2800,2686,4157
370,2800,2968,4158
370,2800,3700,4222
370,2850,363,2496
370,2850,620,2857
370,2850,1160,3501
370,2850,1416,3576
370,2850,1533,3653
370,2850,1775,3892
370,2850,2125,4035
370,2850,2267,4061
370,2850,2340,3965
370,2850,2520,4089
370,2850,2659,4160
370,2850,2761,4174
370,2850,3055,4199
370,2850,3499,4185
370,2850,3739,4235
370,2900,476,2549
370,2900,703,2889
370,2900,812,3081
370,2900,1117,3383
370,2900,1390,3520
370,2900,2207,4009
370,2900,2339,4044
370,2900,2589,4126
370,2900,2735,4184
370,2900,2859,4185
370,2900,3001,4204
370,2900,3164,4259
370,2900,3797,4407
370,2950,584,2507
370,2950,803,2910
370,2950,2273,3969
370,2950,2427,4045
370,2950,2671,4153
370,2950,2801,4193
370,2950,2945,4214
370,2950,3220,4360
370,2950,3959,4459
370,3000,368,2072
370,3000,661,2524
370,3000,1838,3646
370,3000,2217,3732
370,3000,2865,4229
370,3000,3014,4212
370,3050,466,2290
370,3050,657,2490
370,3050,2372,3957
370,3050,2784,4120
370,3050,3081,4174
370,3150,561,2265
370,3150,911,2762
370,3150,2899,3927
370,3150,3213,3991
370,3150,3344,4045
370,3150,3514,4063
370,3150,3726,4229
370,3150,3993,4228
370,3150,4208,4278
370,3200,1193,3348
370,3200,2241,3805
370,3200,2894,3931
370,3200,3142,4057
370,3250,1542,3596
370,3300,2649,3693
400,800,1315,3532
400,800,1506,3715
400,900,688,2967
400,900,2212,3793
400,900,2496,4086
400,1000,345,2202
400,1000,445,2570
400,1000,809,2758
400,1000,1094,3212
400,1000,1286,3403
400,1000,1539,3547
400,1000,1767,3764
400,1000,2504,4140
400,1000,2864,4234
400,1050,994,3142
400,1050,1470,3652
400,1050,2215,4146
400,1050,2470,4171
400,1100,936,3155
400,1100,1133,3385
400,1100,1482,3826
400,1100,1768,3846
400,1100,2171,4071
400,1100,2440,4161
400,1100,2685,4289
400,1100,3077,4315
400,1100,3203,4370
400,1100,3620,4430
400,1150,902,3121
400,1150,1180,3618
400,1150,1649,3815
400,1150,2427,4123
400,1150,3012,4163
400,1200,982,3281
400,1200,2399,4096
400,1200,4843,4478
400,1250,556,2613
400,1250,721,2842
400,1250,1106,3517
400,1250,1263,3416
400,1250,2077,3971
400,1250,2396,4088
400,1250,2890,4087
400,1300,680,2971
400,1300,912,3228
400,1300,1057,3376
400,1300,1252,3449
400,1300,1671,3715
400,1350,611,2888
400,1350,723,3017
400,1350,807,3078
400,1350,962,3269
400,1350,1821,4351
400,1350,2250,4151
400,1400,1695,3849
400,1400,2229,4211
400,1450,1783,3977
400,1450,1923,4038
400,1450,2176,4259
400,1500,1024,3569
400,1500,1911,4204
400,1500,2110,4301
400,1500,3482,4539
400,1500,4291,4368
400,1550,1022,3536
400,1550,2197,4611
400,1600,1008,3789
400,1600,1690,3755
400,1600,3591,4574
400,1650,529,2764
400,1650,3223,4686
400,1700,3121,4665
400,1750,3494,4595
400,1800,2124,4544
400,1850,932,2945
400,1850,2428,4231
400,1850,2631,4307
400,1850,3150,4490
400,1850,3539,4562
400,1850,4034,4489
400,1900,1261,3699
400,1900,2647,4463
400,1900,2808,4441
400,2000,818,3516
400,2000,2851,4623
400,2050,1229,3968
400,2050,2757,4725
400,2100,419,2549
400,2100,2492,4628
400,2100,2902,4501
400,2100,3571,4792
400,2150,360,2632
400,2150,534,2756
400,2150,1672,4744
400,2200,2378,4597
400,2250,558,2831
400,2250,810,2940
400,2250,2271,4241
400,2300,600,3010
400,2300,972,3589
400,2350,390,2632
400,2350,709,3209
400,2350,977,3325
400,2450,405,2860
400,2450,538,3059
400,2450,777,3409
400,2450,1767,3979
400,2500,760,3263
400,2500,1745,3985
400,2500,2028,4025
400,2500,2158,4020
400,2500,2859,4286
400,2500,3472,4655
400,2500,3821,4532
400,2550,682,3261
400,2550,997,3522
400,2550,1225,3686
400,2550,1743,4016
400,2550,1912,3998
400,2550,2264,4097
400,2550,2426,4144
400,2600,708,3224
400,2600,926,3327
400,2600,1042,3462
400,2600,1934,3983
400,2600,2812,4174
400,2650,841,3376
400,2650,976,3417
400,2650,1229,3632
400,2650,1446,3761
400,2650,1799,3976
400,2650,2015,3980
400,2650,2207,3894
400,2650,2818,4054
400,2650,4119,4361
400,2700,591,3206
400,2700,845,3349
400,2700,1062,3471
400,2700,1167,3565
400,2700,1227,3678
400,2700,1687,3910
400,2700,1859,3982
400,2700,2105,4009
400,2700,2297,4028
400,2700,2420,3963
400,2750,560,3120
400,2750,756,3311
400,2750,910,3445
400,2750,1325,3630
400,2750,1925,3993
400,2750,2085,3995
400,2750,2329,4018
400,2750,2488,4088
400,2750,2598,4080
400,2750,3617,4175
400,2800,458,2771
400,2800,744,3190
400,2800,973,3410
400,2800,1633,3873
400,2800,1988,4022
400,2800,2150,4039
400,2800,2397,4075
400,2800,2547,4124
400,2800,2633,4156
400,2900,430,2510
400,2900,615,2850
400,2900,1232,3508
400,2900,2139,4007
400,2900,2274,4065
400,2900,2527,4143
400,2900,2669,4207
400,2900,2812,4208
400,2900,4150,4547
400,3000,2277,3950
400,3000,2415,3989
400,3000,2663,4121
400,3000,2882,4159
400,3000,3231,4220
400,3000,3917,4505
400,3050,859,2817
400,3050,2681,4075
400,3050,2752,4106
400,3050,3521,4218
400,3050,3937,4409
400,3050,4404,4485
400,3100,738,2627
400,3100,1606,3600
400,3100,2248,3882
400,3100,2553,3904
400,3100,2760,3955
400,3100,3461,4223
400,3100,3825,4246
400,3100,4008,4238
400,3100,4472,4441
400,3150,463,2068
400,3150,2866,3958
400,3150,3141,4048
400,3150,3452,4080
400,3150,4112,4299
400,3200,359,1820
400,3200,630,2266
400,3200,1057,2878
400,3200,2969,4114
400,3200,3191,4050
400,3200,3328,4026
400,3200,3723,4114
400,3200,3962,4089
400,3200,4046,4094
400,3200,4174,4165
400,3200,5137,4463
400,3350,472,2089
400,3350,769,2572
400,3350,871,2682
400,3350,1580,3405
400,3350,3002,3968
400,3400,249,1875
400,3400,591,2504
400,3400,849,2896
400,3400,1051,3132
400,3400,1146,3195
400,3400,1317,3391
400,3400,1612,3422
400,3400,1704,3649
400,3450,965,3341
400,3450,1141,3445
400,3450,1267,3378
430,800,2539,3904
430,850,1070,3159
430,950,1356,3323
430,950,2514,4051
430,950,3587,4748
430,1050,1026,3206
430,1050,1311,3512
430,1050,2189,4016
430,1050,2484,4137
430,1050,3612,4403
430,1150,822,2891
430,1150,909,2990
430,1150,1196,3335
430,1150,1357,3319
430,1150,1535,3518
430,1150,1940,3894
430,1150,2177,4015
430,1150,2423,4131
430,1150,3007,4482
430,1150,3585,4173
430,1200,796,3081
430,1200,1069,3414
430,1200,1164,3517
430,1200,1729,3854
430,1200,2401,4050
430,1200,2628,4112
430,1200,3568,4181
430,1250,680,2833
430,1250,935,3226
430,1250,1355,3420
430,1250,1640,3782
430,1250,1859,3822
430,1250,2406,4052
430,1300,673,2892
430,1300,865,3172
430,1300,1072,3385
430,1300,1165,3476
430,1300,1832,3759
430,1400,616,2821
430,1400,688,3125
430,1400,873,3204
430,1400,1039,3412
430,1400,1803,3860
430,1450,820,3149
430,1450,1115,3441
430,1450,1409,3712
430,1450,2287,4225
430,1450,2699,4224
430,1500,1667,4241
430,1500,2267,4371
430,1550,1003,3472
430,1550,1266,3659
430,1550,1985,4221
430,1550,2195,4396
430,1600,680,2811
430,1700,2331,4360
430,1700,2753,4108
430,1700,2980,4294
430,1700,3123,4422
430,1700,3249,4491
430,1700,3515,4649
430,1750,3056,4483
430,1850,3540,4486
430,1900,2727,4422
430,1900,2871,4402
430,1950,1698,3602
430,1950,2707,4904
430,2000,2180,4736
430,2000,2708,4964
430,2050,2134,3957
430,2100,1450,4483
430,2150,929,2946
430,2200,1488,4035
430,2200,1658,4038
430,2250,866,3462
430,2250,1889,4651
430,2250,2179,4480
430,2250,2316,4626
430,2300,242,2584
430,2300,1045,3396
430,2300,1548,4289
430,2300,1827,4484
430,2300,3642,4530
430,2350,702,3123
430,2350,926,3771
430,2350,1888,4215
430,2400,500,2898
430,2400,632,3197
430,2450,528,2952
430,2500,575,3017
430,2500,772,3149
430,2500,2522,4121
430,2550,1536,3894
430,2550,3134,4102
430,2600,832,3346
430,2600,1255,3640
430,2600,1708,3968
430,2600,2047,3984
430,2600,2464,4254
430,2600,2805,4418
430,2600,3378,4674
430,2700,672,3094
430,2700,813,3301
430,2700,974,3405
430,2700,1143,3560
430,2700,1786,3934
430,2700,2060,3995
430,2700,2261,4072
430,2700,2529,4106
430,2700,2854,4165
430,2750,402,2627
430,2750,555,2946
430,2750,865,3382
430,2750,1481,3815
430,2750,1852,4009
430,2750,2009,3964
430,2750,2304,3996
430,2750,2502,4077
430,2750,2693,4097
430,2750,2841,4026
430,2800,632,2964
430,2800,848,3215
430,2800,994,3350
430,2800,1930,4030
430,2800,2080,4014
430,2800,2351,4122
430,2850,532,2933
430,2850,637,3003
430,2850,804,3191
430,2850,1116,3513
430,2850,1645,3870
430,2850,1863,3986
430,2850,2001,4044
430,2850,2143,4042
430,2850,2397,4153
430,2850,2632,4223
430,2900,1326,3541
430,2900,1482,3653
430,2900,2067,4027
430,2900,2222,4091
430,2900,2465,4174
430,2900,2760,4240
430,2900,3027,4251
430,2950,336,2314
430,2950,521,2693
430,2950,908,3139
430,2950,1052,3383
430,2950,1237,3446
430,2950,1473,3507
430,2950,1666,3675
430,2950,1852,3758
430,2950,2137,4004
430,2950,2307,4030
430,2950,2527,4176
430,2950,2833,4214
430,2950,3109,4284
430,2950,3786,4376
430,2950,3865,4476
430,3000,421,2300
430,3000,558,2830
430,3000,811,3015
430,3000,1822,3764
430,3000,2052,3801
430,3000,2201,3932
430,3000,2400,4072
430,3000,2604,4171
430,3000,2828,4217
430,3000,3166,4244
430,3000,3420,4355
430,3000,3814,4468
430,3050,335,2021
430,3050,705,2502
430,3050,2249,3954
430,3050,2664,4059
430,3050,2783,4115
430,3050,3110,4282
430,3050,3868,4403
430,3050,4091,4481
430,3100,2305,3918
430,3100,2716,3991
430,3100,2997,4110
430,3100,3164,4206
430,3100,3504,4173
430,3100,3769,4163
430,3100,3905,4233
430,3100,4057,4375
430,3150,98,1624
430,3150,353,1937
430,3150,498,2257
430,3150,499,2143
430,3150,849,2695
430,3150,1733,3475
430,3150,2026,3664
430,3150,2360,3805
430,3150,2545,3898
430,3150,2774,3954
430,3150,3031,4041
430,3150,3310,4055
430,3150,3837,4202
430,3150,4014,4157
430,3150,4207,4148
430,3200,439,2136
430,3200,690,2381
430,3200,2626,3892
430,3200,2839,3958
430,3200,3089,3997
430,3200,3231,4014
430,3200,3389,3987
430,3200,3853,4053
430,3200,4022,4165
430,3250,525,2043
430,3250,661,2194
430,3250,863,2585
430,3250,2921,3958
430,3250,3125,3972
430,3250,3293,3997
430,3350,212,2238
430,3350,653,2344
430,3350,744,2442
430,3350,894,2759
430,3350,1267,3274
430,3350,1418,3351
430,3350,1637,3516
430,3350,3748,3903
430,3350,4242,4109
430,3400,104,1879
430,3400,556,2608
430,3400,676,2626
430,3400,777,2716
430,3400,976,3004
430,3400,1055,3069
430,3400,1166,3204
430,3400,1262,3307
430,3400,1679,3439
430,3400,1817,3534
430,3500,529,2952
430,3500,784,2890
460,800,1133,3145
460,800,2480,3905
460,850,885,2934
460,850,2500,3984
460,900,643,2957
460,950,1284,3194
460,1000,1338,3313
460,1000,2521,4183
460,1100,1177,3248
460,1100,1289,3511
460,1100,1801,3615
460,1100,2465,4100
460,1100,2786,4293
460,1150,427,2595
460,1150,946,3192
460,1150,1061,3165
460,1150,1349,3516
460,1150,1932,3837
460,1150,2435,4091
460,1150,2818,4278
460,1200,336,2619
460,1200,781,2970
460,1200,1034,3337
460,1200,1397,3704
460,1200,1914,3891
460,1200,2418,4046
460,1200,2892,4242
460,1200,3573,4104
460,1250,368,2253
460,1250,745,2851
460,1250,935,3238
460,1250,1904,3854
460,1250,2076,3870
460,1250,2405,3979
460,1250,2916,4054
460,1250,3663,4035
460,1350,278,2294
460,1350,622,2813
460,1350,734,2941
460,1350,877,3090
460,1350,1028,3307
460,1350,1166,3264
460,1350,1635,3693
460,1350,2424,3962
460,1400,500,2995
460,1400,876,3159
460,1400,991,3312
460,1400,1164,3436
460,1400,2454,3864
460,1450,626,2705
460,1450,781,2941
460,1450,1001,3275
460,1450,1108,3449
460,1450,1342,3573
460,1550,495,2678
460,1550,608,2748
460,1550,1090,3651
460,1550,2295,4244
460,1550,2460,4181
460,1550,3303,4242
460,1550,3476,4223
460,1600,336,2491
460,1600,1293,3733
460,1600,2246,4236
460,1600,2590,4409
460,1600,2876,4349
460,1650,718,3279
460,1650,2187,4274
460,1650,2376,4239
460,1650,2566,4360
460,1650,3684,4304
460,1650,4128,4226
460,1700,2272,4486
460,1700,3542,4595
460,1750,740,2903
460,1750,2375,4344
460,1750,4211,4496
460,1800,2950,4342
460,1800,3161,4275
460,1800,3604,4409
460,1850,542,2482
460,1850,3317,4500
460,1850,3547,4409
460,1900,3262,4482
460,2000,2939,4926
460,2000,3116,4995
460,2050,1514,3760
460,2050,2527,4920
460,2100,2413,4986
460,2150,2285,5113
460,2200,1728,4604
460,2250,109,2429
460,2250,2909,4293
460,2300,806,3330
460,2350,548,2945
460,2350,1733,4225
460,2350,2230,4269
460,2450,495,2651
460,2450,802,3084
460,2450,3827,4655
460,2550,740,3328
460,2600,1691,3945
460,2600,1841,4012
460,2700,560,2993
460,2700,966,3503
460,2700,1733,4076
460,2700,2014,4090
460,2700,2184,4153
460,2700,2359,4226
460,2700,2620,4373
460,2700,3534,4428
460,2750,857,3287
460,2750,1417,3834
460,2750,1796,4004
460,2750,1956,3966
460,2750,2060,4033
460,2750,2588,4042
460,2750,2788,4228
460,2750,3390,4276
460,2800,1534,3920
460,2800,1856,4011
460,2800,2044,4000
460,2800,2236,4072
460,2800,2300,4074
460,2800,2728,4272
460,2850,968,3345
460,2850,1105,3490
460,2850,1938,4027
460,2850,2088,4026
460,2850,2198,4152
460,2850,2344,4118
460,2850,2586,4240
460,2900,359,2412
460,2900,1186,3515
460,2900,1370,3644
460,2900,2000,4052
460,2900,2139,4059
460,2900,2404,4164
460,2900,2708,4244
460,2900,3105,4299
460,2950,453,2645
460,2950,545,2741
460,2950,839,3217
460,2950,1474,3604
460,2950,1691,3812
460,2950,1848,3961
460,2950,2063,4030
460,2950,2456,4176
460,2950,2591,4226
460,2950,2756,4238
460,2950,3051,4246
460,2950,3375,4081
460,3050,343,2122
460,3050,595,2593
460,3050,1489,3514
460,3050,2175,3931
460,3050,2444,4104
460,3050,2591,4128
460,3050,2854,4201
460,3050,2970,4202
460,3050,3165,4208
460,3100,268,1864
460,3100,532,2274
460,3100,710,2635
460,3100,911,2900
460,3100,2246,3908
460,3100,2640,4029
460,3100,2906,4108
460,3100,3037,4137
460,3100,3221,4106
460,3100,4061,4315
460,3100,4383,4427
460,3150,82,1616
460,3150,413,2053
460,3150,2701,3919
460,3150,2968,4033
460,3150,3087,4031
460,3150,3269,4043
460,3150,3557,4093
460,3150,4058,4206
460,3150,4206,4184
460,3150,4681,4311
460,3200,359,2040
460,3200,496,2253
460,3200,2776,3963
460,3200,3010,3988
460,3200,3140,3974
460,3200,3306,3996
460,3200,3775,4157
460,3200,4015,4146
460,3200,4272,3993
460,3250,342,1800
460,3250,543,2091
460,3250,693,2333
460,3250,2836,3973
460,3250,3056,3977
460,3250,3187,3960
460,3250,4176,4076
460,3300,2561,3623
460,3300,2837,3917
460,3300,3057,3979
460,3350,561,2196
460,3350,1060,2999
460,3350,1161,3116
460,3350,1391,3308
460,3350,1676,3511
460,3350,1928,3595
460,3350,2245,3711
460,3400,516,2347
460,3400,635,2553
460,3400,865,2845
460,3400,1056,3164
460,3400,1287,3351
460,3400,1389,3423
460,3450,743,2953
460,3450,939,3078
460,3450,1040,3203
460,3450,1222,3339
460,3450,1457,3407
460,3450,1552,3592
460,3450,1824,3596
460,3450,2171,3662
490,800,837,2701
490,850,1264,3029
490,850,2524,4114
490,900,976,2893
490,900,2592,4327
490,950,1353,3331
490,950,2243,3911
490,1050,866,2840
490,1050,1109,3154
490,1050,1734,3704
490,1050,2437,4104
490,1050,2678,4239
490,1050,3823,4364
490,1100,849,2901
490,1100,1891,3653
490,1100,2107,3697
490,1100,2490,4099
490,1100,2751,4249
490,1150,808,2835
490,1150,1256,3291
490,1150,2338,3941
490,1150,2465,4036
490,1150,2788,4147
490,1250,2412,4022
490,1300,2402,4036
490,1350,561,2746
490,1350,722,2889
490,1350,906,3196
490,1350,1406,3592
490,1350,1610,3672
490,1350,2788,4100
490,1400,674,2885
490,1400,877,3178
490,1400,1139,3416
490,1400,1587,3756
490,1450,520,2596
490,1450,631,2850
490,1450,671,2894
490,1450,809,3078
490,1450,878,3194
490,1450,968,3282
490,1450,1076,3461
490,1450,3696,4291
490,1500,630,2844
490,1500,804,3112
490,1500,899,3174
490,1500,1089,3450
490,1500,2393,4282
490,1550,680,2927
490,1550,2340,4226
490,1550,2626,4241
490,1600,662,2850
490,1600,1207,3624
490,1600,2329,4294
490,1650,1951,4161
490,1650,2308,4418
490,1650,3267,4368
490,1700,239,2001
490,1700,2252,4351
490,1700,2709,4376
490,1800,3491,4305
490,1800,3645,4483
490,1900,3329,4304
490,1900,3518,4379
490,1950,2947,4501
490,1950,3517,4360
490,2000,3498,4554
490,2050,968,3387
490,2150,692,2942
490,2150,815,3134
490,2200,295,2194
490,2250,442,2706
490,2250,746,3275
490,2300,724,3120
490,2300,3548,4688
490,2350,690,3182
490,2350,3321,4651
490,2350,3920,4367
490,2400,3101,4223
490,2450,494,2370
490,2500,2277,4226
490,2500,2594,4360
490,2550,2180,3994
490,2650,833,3287
490,2650,1195,3425
490,2650,1946,4054
490,2700,523,2805
490,2700,654,3156
490,2700,1637,4022
490,2700,1973,4101
490,2700,2142,4165
490,2700,2368,4208
490,2700,2462,4271
490,2700,2627,4339
490,2700,2749,4416
490,2700,3249,4098
490,2800,744,3189
490,2800,914,3263
490,2800,998,3385
490,2800,1129,3500
490,2800,1901,4281
490,2800,2611,4296
490,2900,576,2817
490,2900,1278,3568
490,2900,1951,4052
490,2900,2116,4095
490,2900,2370,4189
490,2900,2520,4245
490,3050,289,2125
490,3050,427,2361
490,3050,1449,3475
490,3050,1625,3630
490,3050,1785,3751
490,3050,2118,3954
490,3050,2288,4006
490,3050,2527,4127
490,3050,2772,4220
490,3050,2893,4193
490,3050,3068,4234
490,3050,4025,4476
490,3050,4179,4534
490,3050,4696,4740
490,3100,153,1810
490,3100,308,2052
490,3100,411,2235
490,3100,517,2423
490,3100,599,2559
490,3100,783,2793
490,3100,1830,3666
490,3100,2337,3970
490,3100,2589,4071
490,3100,2844,4149
490,3100,2966,4165
490,3100,3142,4181
490,3100,4174,4403
490,3100,4340,4534
490,3150,225,1748
490,3150,515,2259
490,3150,695,2572
490,3150,1007,3075
490,3150,2661,3952
490,3150,2897,4029
490,3150,3029,4061
490,3150,3193,4035
490,3150,3395,4150
490,3150,3865,4236
490,3250,467,2075
490,3250,2754,3871
490,3250,2992,3929
490,3250,3124,3960
490,3250,3765,4092
490,3250,4074,4058
490,3300,560,2170
490,3300,910,2784
490,3300,3036,3904
490,3350,787,2618
490,3350,1063,3032
490,3350,1605,3444
490,3350,1774,3447
490,3350,2028,3628
490,3350,3072,3906
490,3450,101,2129
490,3450,724,2825
490,3450,862,2902
490,3450,999,3165
490,3450,1226,3383
490,3450,1398,3444
490,3450,1618,3453
520,950,2462,3953
520,1000,2080,3701
520,1050,2552,4156
520,1050,3103,4165
520,1050,3490,4285
520,1100,2277,3917
520,1100,2536,4078
520,1100,2822,4176
520,1200,2453,4016
520,1200,2847,4042
520,1200,3804,4344
520,1250,1151,3340
520,1250,1199,3383
520,1250,1389,3596
520,1250,2439,4035
520,1250,2816,4155
520,1300,744,2886
520,1300,2421,3984
520,1350,743,2897
520,1350,1140,3396
520,1450,683,2843
520,1450,801,3081
520,1450,870,3188
520,1450,930,3225
520,1450,1125,3418
520,1450,1587,3660
520,1550,496,2640
520,1550,625,2898
520,1550,847,3101
520,1550,1007,3383
520,1600,501,2691
520,1600,651,2864
520,1600,826,3125
520,1650,564,2595
520,1650,709,2861
520,1650,971,3108
520,1650,1185,3671
520,1650,2358,4271
520,1700,713,3087
520,1750,2326,4400
520,1800,400,2762
520,1800,627,3150
520,1800,2282,4488
520,1800,3204,4421
520,1800,3741,4478
520,1850,1423,3717
520,1950,2700,4556
520,2000,3537,4663
520,2050,851,3275
520,2100,1087,3294
520,2150,867,3267
520,2200,3480,5049
520,2300,4054,4670
520,2350,527,3019
520,2400,3383,4342
520,2450,3796,4873
520,2500,2276,4198
520,2500,2429,4329
520,2550,3617,4662
520,2750,1927,4223
520,2750,2136,4187
520,2750,2375,4245
520,2750,2531,4280
520,2800,251,2230
520,2800,1644,4360
520,2800,2184,4295
520,2800,2417,4334
520,2850,268,2266
520,2850,694,2963
520,2850,1889,4259
520,2850,2036,4279
520,2850,2235,4411
520,2850,2466,4425
520,2900,1128,3601
520,2900,2087,4296
520,2900,2290,4418
520,2900,2530,4479
520,2900,2581,4525
520,2900,2812,4548
520,2950,439,2434
520,2950,1131,3313
520,2950,1981,4028
520,2950,2332,4390
520,2950,2614,4548
520,3000,746,2906
520,3000,1515,3607
520,3000,1682,3715
520,3000,2030,3968
520,3000,2690,4311
520,3050,479,2548
520,3050,1218,3359
520,3050,2246,3969
520,3050,2492,4147
520,3050,2752,4245
520,3050,3039,4297
520,3050,3416,4555
520,3100,152,1738
520,3100,347,2150
520,3100,454,2351
520,3100,2540,4055
520,3100,2802,4156
520,3100,2909,4112
520,3100,3109,4325
520,3100,3730,4410
520,3100,4242,4588
520,3100,4850,4723
520,3150,295,1986
520,3150,418,2172
520,3150,614,2497
520,3150,2186,3831
520,3150,2400,3907
520,3150,2600,3965
520,3150,2858,4045
520,3150,2979,4056
520,3150,3155,4166
520,3150,3613,4119
520,3150,3800,4217
520,3150,4104,4094
520,3150,4401,4163
520,3200,333,1977
520,3200,504,2198
520,3200,624,2382
520,3200,2675,3910
520,3200,2904,3971
520,3200,3038,3964
520,3200,3218,3975
520,3200,3415,4070
520,3200,3494,4116
520,3200,3682,4094
520,3200,3852,4161
520,3200,4343,4041
520,3250,262,1802
520,3250,528,2169
520,3250,2563,3976
520,3250,2723,3911
520,3250,2961,3899
520,3250,3093,3910
520,3250,3259,3898
520,3250,3455,3928
520,3250,3605,4203
520,3250,3760,4033
520,3250,3933,4049
520,3350,898,2797
520,3350,1457,3398
520,3350,1744,3455
520,3350,2774,3823
520,3350,3024,3846
520,3500,620,2835
520,3500,775,3052
520,3500,939,3108
520,3500,1163,3251
550,950,3036,4104
550,1050,2593,4099
550,1100,2145,4742
550,1150,2510,4028
550,1200,2463,4013
550,1250,2453,3992
550,1300,1685,3646
550,1400,723,2813
550,1400,865,3075
550,1400,1194,3366
550,1400,1509,3649
550,1400,2043,3839
550,1400,2414,3862
550,1450,658,2688
550,1450,842,2970
550,1450,946,3096
550,1450,1043,3222
550,1500,306,2167
550,1500,521,2486
550,1500,623,2700
550,1500,868,3062
550,1500,1144,3278
550,1550,616,2806
550,1550,776,3029
550,1550,849,3077
550,1600,330,2209
550,1600,962,3266
550,1600,1314,3549
550,1600,2488,4117
550,1650,869,3177
550,1650,2520,4172
550,1700,2412,4206
550,1750,727,2968
550,1750,926,3037
550,1750,1057,3343
550,1750,2398,4183
550,1900,753,3021
550,1900,973,3260
550,2000,307,2336
550,2050,3286,4676
550,2100,2124,4728
550,2100,2239,4737
550,2150,2498,4822
550,2200,3195,5189
550,2250,846,2954
550,2300,3668,4927
550,2350,495,2681
550,2400,685,2962
550,2400,2351,4502
550,2400,2967,4713
550,2400,3315,4611
550,2450,851,3434
550,2450,2266,4279
550,2450,2497,4493
550,2550,748,3060
550,2550,1634,4053
550,2550,1894,3961
550,2550,3861,4852
550,2600,1420,4230
550,2600,3954,4351
550,2650,1585,3845
550,2700,1647,4168
550,2700,3810,4420
550,2750,1353,3942
550,2750,1479,4099
550,2750,1578,4110
550,2750,1899,4219
550,2750,2105,4190
550,2800,491,2930
550,2800,1739,4111
550,2800,1921,4143
550,2800,2135,4220
550,2800,2286,4291
550,2850,1632,4223
550,2850,1816,4206
550,2850,2173,4317
550,2850,2401,4390
550,2900,614,2586
550,2900,1599,4284
550,2900,1758,4360
550,2900,2054,4331
550,2900,2234,4376
550,2950,587,3186
550,2950,1887,4306
550,2950,2307,4310
550,2950,2542,4400
550,3050,385,2308
550,3050,1292,3370
550,3050,2450,4108
550,3050,2999,4294
550,3100,2779,4213
550,3100,3058,4221
550,3100,3207,4412
550,3100,3531,4296
550,3100,3722,4281
550,3100,4171,4536
550,3150,290,2050
550,3150,2146,3842
550,3150,2358,3913
550,3150,2565,3986
550,3150,2833,4092
550,3150,2937,4136
550,3150,3546,4118
550,3150,3772,4217
550,3150,4156,4299
550,3200,79,1624
550,3200,278,1926
550,3200,443,2164
550,3200,618,2432
550,3200,785,2696
550,3200,1802,3512
550,3200,2218,3776
550,3200,2399,3868
550,3200,2646,3892
550,3200,2869,3950
550,3200,3009,3981
550,3200,3158,3976
550,3200,3682,4046
550,3200,3805,4139
550,3200,3904,4167
550,3200,4200,4054
550,3200,4440,4105
550,3300,81,1482
550,3300,357,1856
550,3300,553,2176
550,3300,2754,3863
550,3300,2961,3864
550,3300,3070,3872
550,3300,3230,3950
550,3300,3777,3922
550,3300,4176,4412
580,1150,910,2942
580,1150,998,3069
580,1250,2741,4796
580,1400,366,2451
580,1400,850,2943
580,1400,2617,3993
580,1400,3517,4111
580,1450,1150,3332
580,1500,336,2176
580,1500,491,2447
580,1500,651,2680
580,1500,848,2989
580,1550,627,2645
580,1550,852,2994
580,1600,623,2651
580,1650,2520,3962
580,1650,2679,4134
580,1700,827,3058
580,1700,2551,4139
580,1750,977,3179
580,1750,2554,4093
580,1850,1357,3580
580,1850,2470,4328
580,1850,3998,4424
580,1900,495,2581
580,1900,833,3136
580,1900,2439,4472
580,1900,2594,4464
580,1950,2456,4741
580,2000,2430,4590
580,2050,756,3456
580,2050,1445,3536
580,2100,3633,4482
580,2150,1103,3533
580,2250,1796,4096
580,2300,751,3183
580,2300,964,3321
580,2400,650,3067
580,2450,571,2899
580,2500,563,2335
580,2550,583,3064
580,2550,1078,3783
580,2650,368,2943
580,2650,1322,3962
580,2800,1822,4245
580,2800,2443,4134
580,2800,3462,4494
580,2800,3625,4585
580,2850,2536,4413
580,2850,3134,4148
580,2850,3603,4424
580,2900,1660,4082
580,2900,2190,4307
580,2900,2400,4377
580,2950,1746,4030
580,2950,1884,3980
580,2950,2029,4089
580,2950,2220,4159
580,2950,2461,4268
580,3000,529,2774
580,3000,1855,4044
580,3000,2265,4144
580,3000,2368,4349
580,3000,2583,4342
580,3050,1032,3238
580,3050,2003,4219
580,3050,2578,4229
580,3050,2680,4153
580,3100,489,2388
580,3100,1262,3259
580,3100,1370,3392
580,3100,2282,3774
580,3100,2514,3969
580,3100,2744,4164
580,3100,3411,4364
580,3150,230,1954
580,3150,562,2367
580,3150,2321,3961
580,3150,2519,4086
580,3150,2796,4113
580,3150,3032,4159
580,3150,3535,4331
580,3150,3859,4311
580,3150,4126,4618
580,3200,291,1971
580,3200,491,2276
580,3200,1551,3377
580,3200,2085,3785
580,3200,2383,3860
580,3200,2618,3939
580,3200,2851,4018
580,3200,3120,4040
580,3200,3578,4117
580,3250,249,1820
580,3250,470,2146
580,3250,588,2325
580,3250,1602,3393
580,3250,2683,3849
580,3250,2901,3945
580,3250,3172,3930
580,3250,3399,3955
580,3300,266,1683
580,3300,322,1876
580,3300,1767,3506
580,3300,2530,3797
580,3300,2714,3769
580,3300,2955,3854
580,3300,3237,3911
580,3300,3662,3966
580,3350,396,1923
580,3350,455,1991
580,3350,937,2874
580,3350,2985,3758
580,3450,600,2384
580,3450,773,2701
580,3450,1024,3073
580,3450,1194,3237
580,3450,1410,3335
580,3450,1766,3411
580,3500,810,2929
580,3500,1007,3149
580,3500,1175,3284
580,3500,1311,3374
580,3500,1514,3516
610,1150,1066,3073
610,1200,1298,3821
610,1250,626,2593
610,1250,743,2756
610,1250,896,2932
610,1250,1089,3196
610,1250,2139,3706
610,1300,1130,3472
610,1400,739,2833
610,1400,947,3078
610,1450,879,3021
610,1500,524,2452
610,1500,649,2675
610,1500,729,2838
610,1500,991,3138
610,1550,216,1850
610,1550,643,2698
610,1550,815,2874
610,1550,1038,3187
610,1550,2020,4269
610,1600,616,2631
610,1600,717,2817
610,1600,1010,3277
610,1650,630,2760
610,1650,722,2844
610,1650,1006,3249
610,1700,2155,3583
610,1700,2519,4033
610,1800,2567,4107
610,1800,3515,4113
610,1850,869,3089
610,1850,1035,3200
610,1850,1129,3330
610,1850,2567,4364
610,1900,915,3060
610,1900,1331,3377
610,1950,1091,3247
610,2000,835,2957
610,2000,928,3133
610,2000,1024,3323
610,2000,1353,3613
610,2000,2581,4563
610,2150,78,1810
610,2200,4345,4482
610,2250,3664,4799
610,2300,777,3326
610,2350,710,3207
610,2350,1424,3663
610,2400,1186,3884
610,2450,2368,4596
610,2500,1721,3966
610,2550,945,3712
610,2650,241,2311
610,2650,2196,4343
610,2700,1887,4495
610,2750,3679,4302
610,2800,199,2501
610,2850,717,3140
610,2850,801,3348
610,2900,2154,4086
610,3000,574,3138
610,3000,1791,3989
610,3000,2060,4057
610,3000,2246,4057
610,3050,1470,3708
610,3050,1898,4014
610,3050,2061,4050
610,3050,2301,4112
610,3050,2563,4150
610,3050,2859,4154
610,3100,534,2570
610,3100,1634,3953
610,3100,2697,4184
610,3100,3380,4326
610,3100,3609,4395
610,3150,2542,3993
610,3150,2763,4160
610,3150,3065,4180
610,3200,314,2013
610,3200,2584,3949
610,3200,2834,4070
610,3200,3132,4168
610,3250,426,2134
610,3250,530,2251
610,3250,758,2692
610,3250,1568,3355
610,3250,2244,3743
610,3250,2655,3916
610,3250,2876,3966
610,3250,3128,4049
610,3300,1845,3594
610,3300,2702,3833
610,3300,2927,3885
610,3350,311,1723
610,3350,2594,3615
610,3350,2994,3803
610,3400,529,2122
610,3400,1219,3167
610,3400,1388,3261
610,3400,1478,3315
610,3400,1714,3323
610,3400,2381,3729
610,3400,3021,3725
610,3450,683,2447
610,3450,779,2618
610,3450,991,2957
610,3450,1261,3259
610,3450,1427,3325
640,1150,899,2900
640,1200,1729,3792
640,1250,619,2582
640,1300,1228,3593
640,1350,6023,4679
640,1400,355,2329
640,1450,675,2693
640,1500,2077,4554
640,1600,501,2440
640,1600,665,2677
640,1600,762,2829
640,1600,879,3008
640,1600,1184,3284
640,1650,2856,4233
640,1700,3267,4269
640,1750,660,2829
640,1800,429,2363
640,1800,817,2943
640,1800,2550,4153
640,1800,2875,4117
640,1900,942,3009
640,1900,2306,4100
640,1900,2589,4231
640,1950,529,2549
640,1950,691,2630
640,1950,835,2831
640,1950,945,2939
640,1950,1039,3085
640,1950,1120,3130
640,1950,1215,3288
640,1950,1323,3349
640,1950,1436,3513
640,2050,604,2622
640,2050,754,2761
640,2050,895,3012
640,2050,994,3201
640,2050,1446,3605
640,2050,1536,3640
640,2100,631,2658
640,2100,814,2965
640,2100,929,3162
640,2100,1004,3244
640,2100,1125,3444
640,2100,1671,3920
640,2100,2547,4665
640,2200,2315,4807
640,2200,2808,4777
640,2250,3892,5063
640,2350,2172,5064
640,2400,2538,5106
640,2450,561,3067
640,2450,2062,4778
640,2500,4677,4723
640,2550,2219,4313
640,2550,3323,4600
640,2550,3931,4564
640,2600,2581,4396
640,2650,594,3191
640,2650,2143,4115
640,2650,2489,4215
640,2650,4060,4540
640,2700,2394,4267
640,2750,1248,4287
640,2800,946,3379
640,2850,2233,3981
640,2850,3344,4113
640,2850,3661,4176
640,2900,3705,4556
640,3000,391,2507
640,3000,581,2768
640,3000,1720,4022
640,3000,2015,4034
640,3000,2222,4116
640,3000,2542,4204
640,3000,2818,4142
640,3000,3252,4338
640,3050,81,2316
640,3050,433,2579
640,3050,585,2949
640,3050,838,3096
640,3050,939,3256
640,3050,1003,3149
640,3050,1175,3463
640,3050,1864,4060
640,3050,2084,3957
640,3050,2282,4033
640,3050,2562,4112
640,3050,2859,4162
640,3100,1964,4022
640,3100,2163,4023
640,3100,2368,4141
640,3100,2601,4187
640,3100,2708,4223
640,3100,3835,4361
640,3150,556,2613
640,3150,1040,3179
640,3150,2096,4163
640,3150,2759,4238
640,3150,2965,4219
640,3150,3128,4273
640,3150,3406,4339
640,3250,356,1946
640,3250,656,2521
640,3250,750,2701
640,3250,935,2897
640,3250,1421,3313
640,3250,2874,4019
640,3300,257,1791
640,3300,300,1873
640,3300,444,2050
640,3300,2932,3949
640,3350,305,1808
640,3350,537,2182
640,3400,405,2082
640,3400,519,2303
640,3400,594,2359
640,3400,778,2579
640,3400,1445,3207
640,3400,1596,3295
640,3400,2257,3539
640,3450,679,2405
640,3450,1184,3192
640,3450,1404,3231
640,3450,1474,3278
640,3450,1738,3385
640,3450,1919,3662
640,3500,528,2302
640,3500,983,2892
640,3500,1062,3010
640,3500,1306,3180
640,3500,1530,3410
670,1450,1583,3893
670,1500,820,2834
670,1600,3102,4616
670,1650,1711,3648
670,1700,3166,4074
670,1800,4396,4474
670,1850,448,2366
670,1850,544,2503
670,1850,745,2814
670,1850,840,2866
670,1850,922,3010
670,1900,837,2889
670,1900,2567,4149
670,2000,932,2868
670,2000,1079,3089
670,2000,1324,3333
670,2000,3493,4299
670,2100,847,2884
670,2100,942,3022
670,2100,1378,3522
670,2150,991,3273
670,2150,1196,3539
670,2150,2583,4671
670,2250,2694,4947
670,2250,3761,5058
670,2300,1224,3601
670,2300,3252,4992
670,2300,4184,5039
670,2350,917,3330
670,2350,1418,3886
670,2350,3700,4920
670,2450,771,3142
670,2500,2189,4597
670,2550,2591,4249
670,2650,3964,4537
670,2750,2356,4555
670,2800,780,3334
670,2900,2547,4292
670,2950,1393,3722
670,3050,1808,4044
670,3050,2099,3987
670,3050,2300,4069
670,3050,2659,4202
670,3050,2972,4302
670,3100,928,3140
670,3100,1919,3927
670,3100,2105,3978
670,3100,2360,4074
670,3100,2621,4138
670,3100,2702,4171
670,3100,3382,4336
670,3100,3694,4355
670,3150,661,2881
670,3150,1037,3123
670,3150,2074,3922
670,3150,2492,4141
670,3150,2689,4243
670,3150,2779,4271
670,3150,3157,4285
670,3150,3448,4339
670,3200,2721,4158
670,3200,2851,4099
670,3200,3074,4173
670,3200,3729,4349
670,3200,4030,4549
670,3250,1296,3284
670,3250,2717,3955
670,3250,2899,4084
670,3250,3158,4122
670,3300,500,2125
670,3300,593,2234
670,3300,2959,3964
670,3300,3744,4246
670,3300,4061,4418
670,3400,783,2507
670,3400,1457,3245
670,3400,2184,3797
670,3450,967,2810
670,3450,1383,3077
670,3450,1503,3204
670,3450,1750,3343
670,3500,462,2128
670,3500,629,2442
670,3500,752,2589
670,3500,1431,3284
700,1350,2587,3914
700,1450,1156,2844
700,1500,5096,4824
700,1550,2587,4067
700,1550,2782,4082
700,1600,785,2700
700,1650,842,2954
700,1700,2011,4203
700,1750,3079,4114
700,1800,1758,3978
700,1900,1067,3162
700,2000,949,3033
700,2000,1555,3659
700,2100,373,2178
700,2100,924,2972
700,2100,1139,3220
700,2150,1372,3397
700,2250,532,3142
700,2300,1083,3405
700,2400,2645,4779
700,2450,296,2194
700,2500,4323,5052
700,2550,779,3404
700,2600,1248,3913
700,2650,2301,4083
700,2650,4126,4362
700,2700,433,2567
700,2750,716,3336
700,2750,2383,4208
700,2800,1768,4357
700,2850,1284,3917
700,2900,499,2695
700,2950,1381,3914
700,3000,815,3685
700,3050,322,2392
700,3050,1012,3534
700,3050,2593,4198
700,3050,2912,4233
700,3100,574,2688
700,3100,715,2939
700,3100,1892,3992
700,3100,2041,4017
700,3100,2359,4051
700,3100,2631,4141
700,3100,2947,4170
700,3100,3375,4356
700,3200,480,2227
700,3200,2558,4288
700,3200,2872,4249
700,3200,3515,4404
700,3200,3601,4344
700,3200,3746,4464
700,3200,4318,4434
700,3300,388,1922
700,3300,1362,3333
700,3300,1691,3408
700,3300,1965,3608
700,3300,2975,4021
700,3350,333,1750
700,3350,654,2295
700,3350,1419,3318
700,3400,427,1949
700,3400,537,2089
700,3400,653,2244
700,3400,832,2529
700,3400,2509,3972
700,3450,101,1504
700,3450,329,1809
700,3450,425,1938
700,3450,549,2141
700,3450,932,2689
700,3450,1106,2946
700,3450,1227,2960
700,3450,1411,3060
700,3450,1503,3145
700,3500,398,2062
700,3500,540,2245
700,3500,627,2361
700,3500,1082,2863
730,1700,632,2577
730,1750,524,2455
730,1800,717,2499
730,1850,393,2207
730,1950,358,2061
730,1950,782,2795
730,1950,905,2896
730,1950,1228,3269
730,1950,2581,4019
730,1950,3155,4578
730,2000,915,2886
730,2000,1000,3041
730,2000,1100,3253
730,2000,1310,3564
730,2000,1908,3890
730,2000,2115,4039
730,2000,2609,4136
730,2150,875,2948
730,2150,949,3042
730,2150,1058,3176
730,2150,1241,3398
730,2150,1337,3453
730,2150,1418,3527
730,2150,1576,3606
730,2200,932,3198
730,2200,1450,3946
730,2200,2082,4615
730,2350,622,3024
730,2350,981,3779
730,2400,3728,4901
730,2450,674,2901
730,2500,587,2942
730,2500,2119,4419
730,2550,2743,4160
730,2600,4074,4078
730,2650,1560,4218
730,2700,3338,4356
730,2750,1261,4279
730,2900,693,3027
730,2950,4391,4272
730,3000,1862,4111
730,3050,423,2841
730,3050,524,3075
730,3050,2646,4262
730,3050,2877,4353
730,3100,1491,3555
730,3100,1656,3774
730,3100,2003,3973
730,3100,2349,4045
730,3100,2647,4175
730,3150,2281,4091
730,3150,2459,4120
730,3150,2709,4232
730,3150,2983,4355
730,3150,3454,4418
730,3150,4182,4718
730,3200,367,1941
730,3200,2144,4144
730,3200,2307,4183
730,3200,2552,4308
730,3200,2779,4343
730,3200,3293,4504
730,3200,3775,4614
730,3300,407,2011
730,3300,553,2259
730,3300,780,2645
730,3300,1106,3036
730,3300,3040,4033
730,3350,326,1791
730,3350,1379,3287
730,3350,2522,3983
730,3350,2770,4012
730,3350,3006,4173
730,3400,353,1819
730,3400,507,2069
730,3400,804,2505
730,3400,1264,3215
730,3450,299,1696
730,3450,462,1996
730,3450,1248,3062
730,3450,1440,3183
730,3450,1602,3312
760,1650,2118,4351
760,1750,818,2532
760,1750,971,2807
760,1750,1557,3455
760,1800,2419,3984
760,1800,3013,3895
760,1900,837,2643
760,1900,1032,2924
760,1900,3171,4208
760,1950,658,2408
760,1950,861,2721
760,1950,1042,2937
760,1950,1264,3169
760,1950,2601,3972
760,1950,3090,4113
760,2050,617,2515
760,2050,766,2655
760,2050,955,2999
760,2050,1037,3120
760,2050,1210,3320
760,2050,1379,3574
760,2050,1643,3457
760,2100,737,2808
760,2100,958,2987
760,2100,1064,3138
760,2100,1236,3322
760,2100,1379,3391
760,2100,2653,4550
760,2150,704,2832
760,2150,845,2925
760,2150,941,3054
760,2150,1040,3135
760,2150,1089,3194
760,2150,1209,3403
760,2150,1383,3573
760,2150,2668,4851
760,2200,370,2364
760,2200,739,2841
760,2200,923,3125
760,2200,1006,3124
760,2200,1158,3393
760,2200,1542,3958
760,2200,1865,4296
760,2200,2654,5054
760,2250,843,3037
760,2250,1987,4587
760,2250,2608,5160
760,2300,1896,4671
760,2300,2150,4965
760,2300,2507,5200
760,2350,735,3132
760,2350,2264,3725
760,2400,1100,4088
760,2400,2732,5123
760,2400,3092,5246
760,2450,526,2800
760,2450,2050,4847
760,2450,2306,4907
760,2450,2934,5056
760,2500,228,2384
760,2500,2480,4736
760,2550,790,3528
760,2600,2714,4106
760,2600,3763,4480
760,2650,5035,4614
760,2700,3836,4085
760,2750,1986,4035
760,2750,3048,4222
760,2800,658,3394
760,2850,2364,4300
760,2850,2794,4160
760,2900,1348,4057
760,2950,1947,4046
760,3000,3901,4304
760,3050,645,2961
760,3100,592,2997
760,3100,1746,3964
760,3200,2233,4061
760,3200,2329,4156
760,3200,2508,4245
760,3200,2759,4402
760,3200,2845,4410
760,3200,3206,4318
760,3200,3495,4493
760,3250,528,2328
760,3250,2590,4456
760,3250,2826,4539
760,3250,3576,4690
760,3300,746,2658
760,3300,860,2836
760,3300,2899,4669
760,3350,257,1724
760,3350,493,2104
760,3350,581,2258
760,3350,662,2381
760,3450,317,1779
760,3450,415,1896
760,3450,585,2133
760,3450,750,2389
760,3450,846,2528
760,3450,1132,3065
760,3450,1577,3275
760,3500,335,1805
760,3500,527,2128
760,3500,876,2651
760,3500,1151,3013
760,3500,1230,3031
760,3500,1418,3157
760,3500,1665,3238
790,1700,967,2600
790,1800,925,2595
790,1800,1108,2904
790,1800,1292,3094
790,1800,2676,3855
790,1800,2824,4019
790,1800,4216,3955
790,1850,927,2552
790,1900,301,1742
790,1900,1253,3061
790,1900,1477,3295
790,1900,2270,3643
790,1950,1175,3063
790,1950,1387,3288
790,1950,1506,3414
790,1950,2474,3829
790,1950,2646,3916
790,2000,967,2738
790,2000,1197,2971
790,2000,2657,3975
790,2000,3282,4121
790,2050,979,2840
790,2050,1149,2997
790,2050,1958,3830
790,2050,2668,4128
790,2050,2988,4427
790,2050,3112,4287
790,2100,995,2917
790,2100,1084,3018
790,2100,1264,3234
790,2100,2688,4328
790,2100,2937,4550
790,2150,897,2817
790,2150,1000,2968
790,2150,1084,3053
790,2150,1170,3166
790,2150,1276,3316
790,2150,2724,4691
790,2150,3868,4780
790,2250,921,3101
790,2250,2565,4361
790,2300,542,2748
790,2300,741,2785
790,2300,1121,3262
790,2350,546,2560
790,2400,964,3648
790,2500,1012,3390
790,2500,2238,4839
790,2500,2393,4723
790,2550,2102,4621
790,2550,2694,4712
790,2600,2013,4357
790,2600,3685,4423
790,2600,3838,4395
790,2650,102,2143
790,2700,2042,3871
790,2750,2694,3906
790,2800,1769,4792
790,2900,628,3269
790,2900,894,3330
790,2950,1870,4802
790,3050,2376,4226
790,3100,697,3089
790,3150,569,3218
790,3150,2332,4147
790,3150,2617,4253
790,3150,2883,4406
790,3150,3345,4378
790,3150,3924,5240
790,3200,531,3003
790,3200,1989,4106
790,3200,2150,4159
790,3200,2253,4216
790,3200,2453,4222
790,3200,2703,4413
790,3200,3023,4408
790,3200,3761,4753
790,3350,388,1999
790,3350,524,2203
790,3350,622,2361
790,3350,1314,3273
790,3400,310,1808
790,3400,600,2248
790,3400,1574,3403
790,3400,1702,3527
790,3400,2780,4357
790,3400,3011,4346
790,3450,393,1858
790,3450,475,1991
790,3450,627,2264
790,3450,792,2501
790,3450,966,2816
790,3450,1087,2945
790,3450,1222,3121
790,3450,1388,3248
790,3450,1533,3280
790,3450,1789,3351
820,1650,1573,3378
820,1700,1071,2872
820,1750,566,2210
820,1750,1009,2719
820,1800,463,2034
820,1800,554,2133
820,1800,641,2243
820,1800,903,2520
820,1800,1022,2671
820,1850,1002,2659
820,1850,1167,2891
820,1850,1317,3153
820,1850,1514,3313
820,1850,1700,3329
820,1850,2700,3889
820,1850,3679,4296
820,1900,432,1886
820,1900,1001,2648
820,1900,1179,2939
820,1900,1326,3141
820,1950,754,2393
820,1950,1007,2642
820,1950,1190,2930
820,1950,1502,3319
820,1950,2003,3605
820,1950,2709,3789
820,1950,3163,3898
820,2000,429,1876
820,2000,1055,2721
820,2000,1210,2948
820,2000,1352,3182
820,2000,1536,3335
820,2000,2288,4228
820,2000,2721,3945
820,2050,1232,3015
820,2050,1452,3192
820,2050,2745,4058
820,2100,1258,3075
820,2100,1507,3352
820,2100,2763,4213
820,2150,762,2401
820,2150,1085,2893
820,2150,1283,3087
820,2150,1340,3149
820,2150,1568,3343
820,2150,1658,3532
820,2150,2791,4525
820,2200,1044,2969
820,2200,1324,3259
820,2200,1536,3507
820,2250,907,2904
820,2250,998,3027
820,2250,1073,3092
820,2250,1170,3195
820,2250,2721,4944
820,2300,972,3096
820,2300,1186,3530
820,2300,1323,3707
820,2300,1481,3646
820,2300,2647,5055
820,2400,832,3127
820,2400,1060,3598
820,2400,1470,3462
820,2450,1053,3843
820,2500,3026,4850
820,2500,3473,4857
820,2600,3425,4420
820,2600,3646,4376
820,2750,280,1990
820,2950,599,2909
820,3000,1195,3793
820,3050,1452,4025
820,3100,831,3338
820,3150,2283,4122
820,3150,2559,4374
820,3150,2854,4434
820,3150,3288,4369
820,3150,3981,4583
820,3150,4531,4607
820,3200,343,2500
820,3200,458,2752
820,3200,1224,3537
820,3200,1896,4098
820,3200,2099,4236
820,3200,2367,4189
820,3200,2632,4418
820,3250,480,2411
820,3250,787,2834
820,3250,1134,3322
820,3250,1378,3604
820,3250,2038,4150
820,3250,2203,4231
820,3250,2457,4343
820,3250,2706,4527
820,3250,3002,4656
820,3250,3458,4743
820,3250,3889,5059
820,3350,551,2333
820,3350,735,2648
820,3350,2415,4170
820,3350,2860,4610
820,3400,310,1859
820,3400,531,2210
820,3400,630,2357
820,3400,2984,4295
820,3500,303,1786
820,3500,451,2050
820,3500,553,2186
820,3500,800,2570
820,3500,1073,2885
820,3500,1586,3321
850,1750,1158,3064
850,1750,3469,4053
850,1850,1064,2839
850,1850,1236,3071
850,1850,1675,3467
850,1850,2754,3989
850,1900,1045,2777
850,1900,3480,4091
850,1900,3691,4037
850,1950,400,2119
850,1950,1065,2768
850,1950,1240,2988
850,1950,1504,3311
850,1950,1840,3450
850,1950,2749,3911
850,2000,1099,2785
850,2000,1257,3031
850,2000,1420,3172
850,2000,1532,3325
850,2000,1644,3390
850,2000,2759,3959
850,2050,691,2224
850,2050,1135,2833
850,2050,2086,3759
850,2050,2757,3989
850,2100,1132,2880
850,2100,1289,3099
850,2100,1445,3313
850,2100,1564,3442
850,2100,1923,3724
850,2100,2786,4190
850,2150,500,2055
850,2150,1120,2883
850,2150,1184,2956
850,2150,1284,3096
850,2150,2802,4419
850,2200,551,2131
850,2200,974,2776
850,2200,1160,2969
850,2200,1287,3131
850,2200,2808,4605
850,2250,337,1916
850,2250,797,2631
850,2250,1132,3030
850,2250,1240,3135
850,2250,1532,3574
850,2250,1987,4049
850,2250,2784,4814
850,2300,677,2507
850,2300,853,2810
850,2300,1045,3011
850,2300,1268,3390
850,2300,1357,3536
850,2300,2722,5001
850,2350,257,1926
850,2350,1138,3465
850,2350,1244,3633
850,2350,1383,3768
850,2350,2620,5066
850,2400,1291,3729
850,2400,2490,5179
850,2500,741,3146
850,2500,905,3380
850,2500,2721,5038
850,2500,2917,4987
850,2500,3057,5039
850,2550,1138,3522
850,2550,2338,4600
850,2550,3097,4941
850,2600,2407,4541
850,2600,2666,4472
850,2600,3062,4680
850,2650,336,2636
850,2650,1232,4085
850,2700,3992,4475
850,2750,1764,3683
850,2800,484,2567
850,2800,678,2891
850,2800,784,3193
850,2850,469,2579
850,2850,809,3257
850,3000,849,3498
850,3100,2462,4063
850,3100,3840,4279
850,3150,1262,3646
850,3150,2520,4048
850,3150,2787,4356
850,3150,3231,4259
850,3250,422,2358
850,3250,1951,4134
850,3250,2140,4229
850,3250,2367,4292
850,3250,2633,4410
850,3250,2808,4351
850,3250,2919,4491
850,3250,3363,4714
850,3250,3727,5107
850,3350,371,2043
850,3350,2835,4583
850,3350,3101,4554
850,3400,557,2293
850,3400,725,2583
850,3400,2435,4052
850,3400,2674,4225
850,3400,2921,4293
850,3450,277,1865
850,3450,367,1993
850,3450,664,2399
850,3450,1248,3209
880,1700,2006,3725
880,1750,1227,3262
880,1750,1329,3337
880,1800,1221,3149
880,1800,2661,4047
880,1800,3576,4212
880,1850,1108,3031
880,1850,1198,3121
880,1850,1369,3271
880,1850,1481,3461
880,1850,2741,4056
880,1900,908,2798
880,1900,1073,2973
880,1900,1165,3085
880,1900,1326,3200
880,1900,1513,3461
880,1900,2728,3992
880,1900,3802,4170
880,1900,3994,4188
880,1950,812,2686
880,1950,1066,2939
880,1950,1243,3156
880,1950,1441,3370
880,1950,1655,3465
880,1950,2078,3657
880,1950,2281,3898
880,1950,2459,3837
880,1950,2721,3963
880,2000,373,2446
880,2000,819,2647
880,2000,1085,2955
880,2000,1261,3189
880,2000,1602,3466
880,2000,1957,3714
880,2000,2275,3900
880,2000,2495,3903
880,2000,2744,4023
880,2000,3667,4143
880,2050,546,2957
880,2050,1164,3012
880,2050,1259,3151
880,2050,1415,3316
880,2050,1637,3513
880,2050,2753,4028
880,2050,4258,4355
880,2100,1103,2957
880,2100,1253,3101
880,2100,1347,3168
880,2100,2744,4142
880,2200,997,2874
880,2200,1129,3032
880,2200,1253,3204
880,2200,1342,3314
880,2200,2763,4557
880,2250,761,2568
880,2250,971,2894
880,2250,1325,3264
880,2250,1573,3506
880,2250,1754,3592
880,2250,2273,4292
880,2250,2424,4462
880,2250,2759,4777
880,2300,291,2064
880,2300,717,2528
880,2300,1322,3449
880,2300,2806,4996
880,2300,2917,5108
880,2350,538,2315
880,2350,1231,3481
880,2350,1424,3758
880,2350,2008,4459
880,2450,1016,3473
880,2500,531,3142
880,2500,681,3335
880,2550,1403,4348
880,2650,1987,4405
880,2700,2755,4048
880,2750,2367,3791
880,2800,373,2360
880,2850,1224,3927
880,2900,2621,3859
880,2950,632,2715
880,3000,267,2368
880,3050,715,3184
880,3050,3353,4548
880,3100,532,2648
880,3100,2276,4267
880,3150,463,2632
880,3150,1438,3765
880,3150,2174,3932
880,3150,2429,4036
880,3150,2758,4291
880,3150,3196,4533
880,3150,3572,4282
880,3150,3868,4654
880,3200,969,3533
880,3200,1963,4236
880,3250,695,2862
880,3250,1864,4086
880,3250,2056,4210
880,3250,2306,4340
880,3250,2603,4417
880,3250,3292,4605
880,3300,717,2764
880,3300,844,3070
880,3300,1632,4055
880,3300,1989,4250
880,3300,2051,4237
880,3300,2148,4274
880,3300,2213,4366
880,3300,2384,4354
880,3300,2671,4611
880,3300,2973,4626
880,3350,625,2685
880,3350,751,2865
880,3350,1478,3600
880,3350,2278,4093
880,3400,394,2130
880,3400,497,2320
880,3400,814,2840
880,3400,2602,4205
880,3400,2857,4357
880,3450,311,2006
880,3450,587,2429
880,3450,2619,4173
880,3450,2911,4369
910,1650,1263,3087
910,1700,718,2646
910,1750,1195,3193
910,1750,3414,4118
910,1800,697,2256
910,1800,1416,3408
910,1800,2838,4153
910,1800,3044,4047
910,1800,4060,4395
910,1850,1198,3283
910,1850,1351,3407
910,1850,3879,4298
910,1900,902,2938
910,1900,1139,3171
910,1900,1291,3321
910,1900,2403,3949
910,1900,2757,4056
910,1900,3569,4145
910,1900,4086,4202
910,1950,1104,3126
910,1950,1200,3223
910,1950,1358,3367
910,1950,1541,3576
910,1950,2384,3888
910,1950,2741,4012
910,2000,376,2616
910,2000,1077,3092
910,2000,1184,3187
910,2000,1266,3284
910,2000,1449,3437
910,2000,1547,3555
910,2000,2493,3979
910,2000,2731,4031
910,2050,320,2146
910,2050,1087,3095
910,2050,1251,3290
910,2050,1376,3441
910,2050,1768,3639
910,2050,2398,3954
910,2050,2728,4049
910,2100,1096,3081
910,2100,1245,3261
910,2100,1351,3396
910,2100,1513,3542
910,2100,1797,3763
910,2100,2741,4175
910,2150,1095,3073
910,2150,1217,3221
910,2150,1320,3374
910,2150,2378,4031
910,2150,2751,4420
910,2150,3192,4442
910,2200,720,3131
910,2200,871,2906
910,2200,1267,3345
910,2200,1506,3574
910,2200,2747,4524
910,2200,3014,4524
910,2250,939,2892
910,2250,1188,3269
910,2250,1303,3442
910,2250,1500,3602
910,2250,2720,4693
910,2250,3224,4923
910,2300,753,2772
910,2300,2712,4992
910,2350,392,2137
910,2350,1314,3706
910,2350,2843,5347
910,2400,1030,3375
910,2400,1341,3843
910,2400,2244,4843
910,2400,2592,5131
910,2450,1046,3465
910,2550,993,3770
910,2600,1460,4176
910,2700,614,2879
910,2750,533,2896
910,2850,2500,3515
910,2950,766,3134
910,3000,1198,3712
910,3100,928,3388
910,3100,1546,3959
910,3100,2109,4117
910,3100,2228,4093
910,3100,2303,4120
910,3100,2394,4158
910,3150,2133,4051
910,3150,2704,4243
910,3200,903,3334
910,3200,1008,3450
910,3200,1157,3620
910,3200,1866,4119
910,3200,2513,4282
910,3200,3161,4526
910,3300,551,2710
910,3300,1914,4211
910,3300,2128,4303
910,3300,2314,4388
910,3300,2566,4497
910,3300,2823,4480
910,3350,811,3191
910,3350,2246,4190
910,3400,99,1802
910,3400,339,2134
910,3400,440,2372
910,3400,2776,4423
910,3450,227,1991
910,3450,407,2257
910,3450,650,2695
910,3450,772,2871
910,3450,1539,3477
910,3450,2854,4348
910,3500,333,2182
910,3500,617,2583
910,3500,830,2941
910,3500,1131,3216
910,3500,1227,3192
910,3500,1379,3252
940,1650,1798,3517
940,1700,1629,3521
940,1750,777,2942
940,1750,1735,3582
940,1750,3532,4242
940,1800,2943,4179
940,1850,2891,4142
940,1850,3254,4164
940,1950,1171,3269
940,1950,2441,3981
940,1950,2796,4060
940,2000,1220,3342
940,2000,1320,3414
940,2000,1726,3653
940,2000,1950,3707
940,2000,2468,4032
940,2000,2760,4082
940,2000,3671,4181
940,2000,3850,4166
940,2000,4122,4221
940,2050,1103,3218
940,2050,1281,3378
940,2050,1831,3844
940,2050,2019,3914
940,2050,2745,4088
940,2050,3135,4182
940,2100,1265,3401
940,2100,1363,3510
940,2100,1504,3647
940,2100,1918,3854
940,2100,2121,3976
940,2100,2416,3970
940,2100,2747,4171
940,2150,1227,3420
940,2150,1343,3525
940,2150,1540,3672
940,2150,1724,3678
940,2150,1932,3942
940,2150,2597,4296
940,2150,2744,4329
940,2200,1319,3486
940,2200,1850,3781
940,2200,2000,3967
940,2200,2079,4091
940,2200,2433,4357
940,2200,2721,4518
940,2200,2996,4599
940,2200,3251,4724
940,2250,1280,3488
940,2250,2715,4749
940,2250,3069,4860
940,2350,394,2822
940,2350,1138,3529
940,2350,1690,4110
940,2350,2633,5170
940,2350,2783,5245
940,2450,2012,4690
940,2450,2487,5121
940,2500,844,3382
940,2500,2320,5131
940,2500,2509,4888
940,2550,557,2891
940,2550,755,3457
940,2550,2144,5045
940,2550,3985,4993
940,2650,473,3059
940,2700,754,3322
940,2700,1052,3776
940,2750,1190,3628
940,2800,503,3112
940,2800,1045,3716
940,2800,2627,3896
940,2850,1089,3523
940,2900,623,2773
940,3050,823,3098
940,3100,2432,4279
940,3100,3126,4427
940,3150,407,2458
940,3150,776,3011
940,3150,1953,4187
940,3200,1043,3670
940,3200,1852,4137
940,3200,1980,4130
940,3200,2163,4174
940,3200,2743,4372
940,3200,3611,4603
940,3250,426,2874
940,3250,908,3260
940,3250,1190,3697
940,3250,1732,4164
940,3250,1791,4222
940,3250,2021,4325
940,3250,2182,4404
940,3250,2346,4316
940,3250,2526,4426
940,3250,2703,4438
940,3300,639,3099
940,3300,830,3388
940,3300,986,3406
940,3300,1190,3518
940,3300,1848,4289
940,3300,2059,4380
940,3300,2235,4435
940,3300,2539,4528
940,3300,2781,4572
940,3300,3224,4625
940,3350,938,3324
940,3350,996,3344
940,3350,1094,3449
940,3350,2136,4232
940,3350,2363,4473
940,3350,2646,4399
940,3350,3391,4719
940,3400,147,1817
940,3400,362,2381
940,3400,399,2436
940,3400,482,2492
940,3400,560,2644
940,3400,639,2823
940,3400,878,3088
940,3400,1090,3415
940,3400,2056,4127
940,3400,2310,4210
940,3400,2398,4230
940,3400,2495,4292
940,3400,2738,4488
940,3400,3171,4674
940,3450,323,2354
940,3450,447,2468
940,3450,521,2568
940,3450,708,2958
940,3450,797,3032
940,3450,1289,3459
940,3450,2312,4143
940,3450,2803,4464
940,3500,552,2573
940,3500,671,2783
940,3500,791,2951
940,3500,954,3130
940,3500,1089,3186
940,3500,1221,3321
940,3500,1352,3412
940,3500,1584,3572
970,1750,1383,3582
970,1750,1669,3526
970,1750,1928,3653
970,1800,1853,3766
970,1800,2220,4091
970,1800,3866,4422
970,1850,1417,3408
970,1850,1549,3525
970,1900,1472,3542
970,1900,2919,4091
970,1950,1521,3568
970,1950,1634,3673
970,1950,2865,4080
970,1950,3964,4252
970,2000,1072,3399
970,2000,1378,3521
970,2000,1493,3578
970,2000,1590,3645
970,2000,1897,3833
970,2000,3884,4241
970,2050,1346,3504
970,2050,1451,3570
970,2050,1819,3895
970,2050,2566,4103
970,2050,2809,4119
970,2100,1305,3513
970,2100,1505,3701
970,2100,1961,3881
970,2100,2472,4092
970,2100,2787,4274
970,2150,1186,3354
970,2150,1267,3507
970,2150,1345,3605
970,2150,1927,3959
970,2150,2758,4403
970,2200,1334,3597
970,2200,1993,4028
970,2200,2730,4563
970,2250,2692,4736
970,2250,2849,4854
970,2300,1715,4099
970,2300,1922,4290
970,2300,2029,4449
970,2300,2328,4691
970,2300,2648,4912
970,2350,1126,3601
970,2350,1671,4105
970,2350,1859,4306
970,2350,1996,4458
970,2350,2175,4650
970,2350,2597,5097
970,2400,1911,4487
970,2400,2550,5161
970,2450,241,2233
970,2450,1035,3082
970,2450,2014,4717
970,2450,2474,5103
970,2500,840,3210
970,2500,2114,5068
970,2500,2347,5109
970,2550,505,2954
970,2550,627,3256
970,2600,314,2499
970,2600,1967,4783
970,2650,878,3472
970,2700,1957,4338
970,2750,1243,3778
970,2750,1667,4077
970,2850,849,3347
970,2950,2407,3905
970,3050,518,2937
970,3100,564,2893
970,3100,938,3522
970,3100,1326,3895
970,3100,1851,3978
970,3150,745,3010
970,3150,1649,3945
970,3250,759,3162
970,3250,879,3264
970,3250,1534,4165
970,3250,1724,4239
970,3250,1997,4249
970,3250,2168,4408
970,3250,2444,4525
970,3250,2649,4492
970,3300,925,3323
970,3300,1128,3545
970,3300,1342,3710
970,3300,1795,4322
970,3300,2082,4396
970,3300,2206,4426
970,3300,2481,4654
970,3300,2728,4733
970,3400,584,2823
970,3400,898,3283
970,3400,2013,4058
970,3400,2244,4247
970,3400,2412,4299
970,3400,2658,4515
970,3400,2784,4545
970,3400,2943,4603
970,3450,403,2542
970,3450,638,2806
970,3450,724,2959
970,3450,941,3070
970,3450,1217,3514
970,3450,1294,3517
970,3450,2042,4093
970,3450,2315,4239
970,3450,2720,4474
970,3500,412,2491
970,3500,606,2774
970,3500,756,2951
970,3500,900,3146
970,3500,1310,3449
970,3500,1579,3708
1000,1650,1282,3263
1000,1700,1106,3444
1000,1700,1425,3587
1000,1700,1631,3575
1000,1700,1869,3732
1000,1700,2911,4217
1000,1800,916,3527
1000,1850,1167,3226
1000,1950,1580,3655
1000,1950,1741,3683
1000,2000,1549,3662
1000,2000,1673,3721
1000,2100,1327,3536
1000,2100,1900,4095
1000,2150,329,2073
1000,2250,1863,4235
1000,2300,1159,3275
1000,2300,1924,4529
1000,2350,899,3601
1000,2350,2588,5124
1000,2450,645,2889
1000,2450,2463,5127
1000,2450,2947,5199
1000,2500,632,3010
1000,2500,1221,3644
1000,2550,676,3209
1000,2550,3827,4861
1000,2600,911,3406
1000,2650,846,3340
1000,2700,1927,4432
1000,2750,1063,3638
1000,2800,523,3266
1000,2800,899,3384
1000,2850,973,3660
1000,2900,1359,4017
1000,2950,619,3128
1000,3000,1196,3597
1000,3050,623,2903
1000,3050,1624,3931
1000,3050,1979,3958
1000,3100,976,3574
1000,3150,1581,4293
1000,3200,875,3439
1000,3200,965,3461
1000,3200,1134,3768
1000,3200,1502,4032
1000,3200,1628,4134
1000,3250,750,3225
1000,3250,841,3321
1000,3250,982,3457
1000,3250,1964,4186
1000,3350,851,3351
1000,3350,1073,3543
1000,3350,1190,3600
1000,3350,1293,3714
1000,3350,1419,3658
1000,3350,1880,4155
1000,3350,2017,4199
1000,3350,2280,4343
1000,3400,1957,4100
1000,3400,2171,4172
1000,3400,2346,4354
1000,3400,2598,4652
1000,3450,452,2830
1000,3450,616,3076
1000,3450,2028,4203
1000,3500,364,2614
1000,3500,595,2809
1000,3500,699,2945
1000,3500,859,3193
1000,3500,1243,3469
1000,3500,1645,3670
